day,n_eo,vsi_mean,vsi_std,vsi_min,vsi_p05,vsi_p95,vsi_cv,vsi_range,vsi_entropy,vsi_sag_frac,idle_vsi_mean,cruise_vsi_mean,resting_vsi_mean,crank_vsi_min,ged2_cnt,ged2_frac,sma_starts,rpm_mean,dtf,vin_label
0.0,152,28.48158,0.29598197,27.8,28.0,29.0,0.010392048,1.0,1.6368515588612769,0.0,28.433334,,26.099998,,0,0.0,0,603.6442,,VIN9_NF_ALT
2.0,3123,28.318348,0.30974898,27.2,27.799999237060547,28.799999237060547,0.010938102,1.0,1.5859942487421557,0.0,28.275,28.359217,25.2,,0,0.0,0,1037.6766,,VIN9_NF_ALT
3.0,5562,28.27368,0.3249075,21.8,27.799999237060547,28.799999237060547,0.0114915185,1.0,1.5303365200343082,0.0003595828838547285,28.318182,28.283754,26.15,21.8,0,0.0,0,1019.3719,,VIN9_NF_ALT
4.0,5237,28.385183,0.4416551,22.2,27.799999237060547,29.200000762939453,0.015559354,1.4000015258789062,1.85218788737726,0.00019094901661256445,28.376804,28.409513,,22.2,0,0.0,0,1026.2719,,VIN9_NF_ALT
5.0,5756,28.38155,0.41608,22.6,27.799999237060547,29.0,0.014660228,1.2000007629394531,1.8387772689847817,0.00034746351633078526,28.375956,28.36945,25.633333,23.4,0,0.0,0,974.44025,,VIN9_NF_ALT
6.0,7169,28.43398,0.52254456,26.6,27.600000381469727,29.399999618530273,0.018377468,1.7999992370605469,2.0345993679499523,0.0,28.3404,28.455894,,,0,0.0,0,1075.6411,,VIN9_NF_ALT
7.0,4827,28.417444,0.48823947,24.0,27.799999237060547,29.399999618530273,0.017180977,1.6000003814697266,1.936807629953285,0.0,28.393501,28.466667,25.4,,0,0.0,0,1030.4037,,VIN9_NF_ALT
8.0,5132,28.333828,0.3480176,25.6,27.799999237060547,28.799999237060547,0.01228276,1.0,1.6829218681788038,0.0,28.364532,28.283543,26.5,,0,0.0,0,1009.13855,,VIN9_NF_ALT
9.0,5843,28.536333,0.679589,21.8,27.600000381469727,30.0,0.023814866,2.3999996185302734,2.2482370043115543,0.0003422899195618689,28.431288,28.631622,25.45,21.8,0,0.0,0,1011.714,,VIN9_NF_ALT
10.0,5136,28.686136,0.76064503,21.8,27.600000381469727,30.0,0.02651612,2.3999996185302734,2.394885492724934,0.00019470404984423675,28.590204,28.75544,26.2,21.8,0,0.0,0,1042.1233,,VIN9_NF_ALT
11.0,4728,28.395008,0.4481403,26.4,27.799999237060547,29.200000762939453,0.015782362,1.4000015258789062,1.880855003817511,0.0,28.42607,28.464672,24.6,,0,0.0,0,987.2799,,VIN9_NF_ALT
12.0,4970,28.506037,0.5435212,26.8,27.799999237060547,29.399999618530273,0.019066881,1.6000003814697266,2.0808902131527622,0.0,28.486298,28.561178,25.266668,,0,0.0,0,1013.77344,,VIN9_NF_ALT
13.0,7215,28.433153,0.54746306,26.2,27.600000381469727,29.399999618530273,0.019254392,1.7999992370605469,2.1257303882082814,0.0,28.38923,28.45465,,24.4,0,0.0,0,1052.5153,,VIN9_NF_ALT
14.0,6471,28.450317,0.4942477,26.6,27.600000381469727,29.200000762939453,0.017372308,1.6000003814697266,2.02804410496423,0.0,28.427895,28.470888,27.2,,0,0.0,0,1019.5789,,VIN9_NF_ALT
15.0,5710,28.493345,0.60666686,20.4,27.600000381469727,29.600000381469727,0.021291528,2.0,2.2070974956512726,0.00017513134851138354,28.47766,28.531662,,20.4,0,0.0,0,1023.34973,,VIN9_NF_ALT
16.0,5618,28.524847,0.60556895,25.4,27.600000381469727,29.600000381469727,0.021229524,2.0,2.1863859971240345,0.0,28.376408,28.563778,23.933334,19.6,0,0.0,0,984.7851,,VIN9_NF_ALT
17.0,6280,28.4414,0.5367874,21.2,27.600000381469727,29.399999618530273,0.018873451,1.7999992370605469,2.0835399498023346,0.0003184713375796178,28.437012,28.486893,20.2,15.8,0,0.0,0,1046.2195,,VIN9_NF_ALT
18.0,6145,28.418388,0.47819,26.4,27.799999237060547,29.200000762939453,0.01682678,1.4000015258789062,1.9688486926713311,0.0,28.399107,28.395119,25.0,,0,0.0,0,1026.9606,,VIN9_NF_ALT
19.0,4576,28.405594,0.46000633,18.8,27.799999237060547,29.200000762939453,0.016194217,1.4000015258789062,1.9245313218894677,0.00021853146853146853,28.39937,28.45098,25.55,18.8,0,0.0,0,986.073,,VIN9_NF_ALT
20.0,7115,28.514236,0.64337933,20.6,27.600000381469727,29.600000381469727,0.022563443,2.0,2.2633583194998446,0.00028109627547435,28.519506,28.57645,24.0,20.6,0,0.0,0,1056.9288,,VIN9_NF_ALT
21.0,5600,28.517857,0.6244032,21.2,27.600000381469727,29.600000381469727,0.021895165,2.0,2.2045347033570364,0.00035714285714285714,28.477419,28.591358,24.6,21.2,0,0.0,0,1015.62555,,VIN9_NF_ALT
22.0,5409,28.46016,0.48456654,25.0,27.799999237060547,29.200000762939453,0.017026136,1.4000015258789062,2.0007401111914476,0.0,28.391188,28.505062,,,0,0.0,0,1036.5245,,VIN9_NF_ALT
23.0,84,28.326189,0.59700435,26.8,27.399999618530273,29.200000762939453,0.021076057,1.8000011444091797,2.0867775685025,0.0,28.116667,28.372728,,,0,0.0,0,949.9219,,VIN9_NF_ALT
24.0,5490,28.499271,0.54942906,23.6,27.600000381469727,29.399999618530273,0.019278705,1.7999992370605469,2.102774242872044,0.00018214936247723133,28.402073,28.514524,26.333334,,0,0.0,0,994.0977,,VIN9_NF_ALT
25.0,4326,28.584373,0.68965995,20.4,27.600000381469727,29.799999237060547,0.024127167,2.1999988555908203,2.336478513545085,0.0006934812760055479,28.389528,28.795279,25.8,20.4,0,0.0,0,949.04364,,VIN9_NF_ALT
26.0,9311,28.43252,0.5119824,26.4,27.600000381469727,29.200000762939453,0.01800693,1.6000003814697266,2.055374144949451,0.0,28.42514,28.443829,24.8,,0,0.0,0,1054.5316,,VIN9_NF_ALT
27.0,1232,28.525002,0.5035293,26.8,27.799999237060547,29.399999618530273,0.01765221,1.6000003814697266,2.0863017677232123,0.0,28.478987,28.480808,26.4,,0,0.0,0,761.48926,,VIN9_NF_ALT
28.0,5306,28.505165,0.5712757,26.8,27.600000381469727,29.600000381469727,0.02004113,2.0,2.1563855090963906,0.0,28.44516,28.53861,25.3,,0,0.0,0,1046.2379,,VIN9_NF_ALT
29.0,5962,28.471653,0.49023163,26.8,27.600000381469727,29.200000762939453,0.017218236,1.6000003814697266,2.0027243769759377,0.0,28.317717,28.523636,24.6,,0,0.0,0,1046.9221,,VIN9_NF_ALT
30.0,5113,28.405712,0.49091774,21.6,27.600000381469727,29.200000762939453,0.01728236,1.6000003814697266,1.9914666798093144,0.00019557989438685703,28.43712,28.455704,25.0,21.6,0,0.0,1,1017.82526,,VIN9_NF_ALT
31.0,6068,28.48698,0.6029174,26.2,27.600000381469727,29.600000381469727,0.021164665,2.0,2.2320500598605295,0.0,28.445639,28.516804,,,0,0.0,0,1012.46326,,VIN9_NF_ALT
32.0,6809,28.54851,0.6512651,22.6,27.600000381469727,29.600000381469727,0.022812577,2.0,2.288125844714011,0.000293728888236158,28.433332,28.58772,23.05,16.4,0,0.0,0,1029.7412,,VIN9_NF_ALT
33.0,4167,28.634893,0.693514,26.2,27.600000381469727,29.799999237060547,0.024219193,2.1999988555908203,2.369795555928904,0.0,28.300951,28.755205,24.4,,0,0.0,0,1021.9808,,VIN9_NF_ALT
34.0,7631,28.548159,0.68590486,21.8,27.600000381469727,29.799999237060547,0.024026237,2.1999988555908203,2.3446800907301446,0.00013104442405975625,28.485828,28.585842,24.7,21.8,0,0.0,0,1030.648,,VIN9_NF_ALT
35.0,5825,28.702076,0.7926587,26.6,27.600000381469727,30.0,0.027616773,2.3999996185302734,2.484587086209981,0.0,28.535309,28.835182,,,0,0.0,0,1029.2944,,VIN9_NF_ALT
36.0,5721,28.498724,0.558194,21.6,27.600000381469727,29.399999618530273,0.01958663,1.7999992370605469,2.121386291534447,0.00017479461632581716,28.536701,28.528915,25.2,21.6,0,0.0,0,1020.6262,,VIN9_NF_ALT
37.0,4889,28.670773,0.80472124,21.2,27.399999618530273,30.0,0.02806765,2.6000003814697266,2.5008766577096053,0.00020454080589077522,28.502197,28.724564,24.8,21.2,0,0.0,0,1030.4889,,VIN9_NF_ALT
38.0,5988,28.596193,0.71048284,18.6,27.600000381469727,29.799999237060547,0.024845364,2.1999988555908203,2.375685475867961,0.00016700066800267202,28.53501,28.663708,23.65,17.8,0,0.0,0,1001.633,,VIN9_NF_ALT
39.0,8732,28.87657,0.98740935,25.8,27.399999618530273,30.600000381469727,0.034194134,3.200000762939453,2.655662984948499,0.0,28.637142,28.986517,,,0,0.0,0,1068.331,,VIN9_NF_ALT
40.0,6313,28.722095,0.83640695,19.8,27.52000007629395,30.200000762939453,0.02912068,2.680000686645503,2.530783009516965,0.0003168065895770632,28.569277,28.814344,25.0,19.8,0,0.0,0,1033.6862,,VIN9_NF_ALT
41.0,3415,28.687788,0.71480304,24.2,27.600000381469727,30.0,0.024916632,2.3999996185302734,2.3843653046710993,0.0,28.535666,28.792307,24.2,,0,0.0,0,973.09186,,VIN9_NF_ALT
42.0,3390,28.571445,0.75004,26.6,27.399999618530273,30.0,0.026251385,2.6000003814697266,2.430065398230023,0.0,28.60408,28.514109,25.4,,0,0.0,0,1021.5223,,VIN9_NF_ALT
45.0,5014,28.816275,0.86276245,26.2,27.600000381469727,30.200000762939453,0.029940112,2.6000003814697266,2.5421497594941496,0.0,28.540983,28.912699,25.7,,0,0.0,0,1079.478,,VIN9_NF_ALT
54.0,4797,28.472961,0.5113848,26.6,27.799999237060547,29.399999618530273,0.017960366,1.6000003814697266,1.9969580461159278,0.0,28.377062,28.524916,,,0,0.0,0,1041.8151,,VIN9_NF_ALT
55.0,4266,28.385044,0.48729837,21.0,27.600000381469727,29.200000762939453,0.017167434,1.6000003814697266,1.9434619228015713,0.00023441162681669012,28.347368,28.40146,23.4,21.0,0,0.0,0,1058.2566,,VIN9_NF_ALT
56.0,3948,28.54919,0.6077965,26.6,27.600000381469727,29.600000381469727,0.021289447,2.0,2.230787317388358,0.0,28.399624,28.662762,,,0,0.0,0,996.8741,,VIN9_NF_ALT
57.0,4276,28.390879,0.3655338,20.6,27.799999237060547,29.0,0.012875044,1.2000007629394531,1.6998535141315587,0.00023386342376052386,28.453606,28.395777,23.92,18.8,0,0.0,0,998.2353,,VIN9_NF_ALT
58.0,7830,28.548658,0.6454574,22.6,27.600000381469727,29.600000381469727,0.022609027,2.0,2.277705819387733,0.0001277139208173691,28.396595,28.598087,25.103449,,0,0.0,0,1045.3638,,VIN9_NF_ALT
59.0,6062,28.386803,0.4312462,26.8,27.799999237060547,29.200000762939453,0.015191784,1.4000015258789062,1.8733833649626512,0.0,28.359417,28.423498,25.3,,0,0.0,0,1009.4482,,VIN9_NF_ALT
60.0,5488,28.450512,0.5765983,20.6,27.600000381469727,29.399999618530273,0.02026671,1.7999992370605469,2.1543988422461355,0.00036443148688046647,28.370274,28.499708,24.666666,,0,0.0,0,1055.567,,VIN9_NF_ALT
61.0,5704,28.550491,0.6737193,21.4,27.600000381469727,29.799999237060547,0.023597468,2.1999988555908203,2.319570837265313,0.0003506311360448808,28.483793,28.63066,24.685715,21.4,0,0.0,0,980.44617,,VIN9_NF_ALT
62.0,4406,28.545212,0.6255574,23.8,27.600000381469727,29.600000381469727,0.021914618,2.0,2.2532935384123767,0.00022696323195642307,28.454,28.645018,26.4,,0,0.0,0,991.4367,,VIN9_NF_ALT
63.0,9357,28.515507,0.623376,24.0,27.600000381469727,29.600000381469727,0.021860948,2.0,2.2529816755400227,0.0,28.442,28.541363,23.2,18.8,0,0.0,0,1019.0693,,VIN9_NF_ALT
64.0,5595,28.48565,0.5345679,27.0,27.600000381469727,29.399999618530273,0.018766217,1.7999992370605469,2.097018868901963,0.0,28.470303,28.512566,,,0,0.0,0,1008.94104,,VIN9_NF_ALT
65.0,6616,28.584795,0.7068641,21.4,27.600000381469727,29.799999237060547,0.024728676,2.1999988555908203,2.312160605068513,0.00015114873035066505,28.498459,28.633072,24.178572,21.4,0,0.0,0,997.45233,,VIN9_NF_ALT
66.0,2556,28.291471,0.33166483,22.2,27.799999237060547,28.799999237060547,0.011723138,1.0,1.507679140478787,0.0003912363067292645,28.400526,28.271849,24.849998,22.2,0,0.0,0,954.4645,,VIN9_NF_ALT
67.0,9201,28.553028,0.6962741,22.8,27.600000381469727,29.799999237060547,0.024385298,2.1999988555908203,2.338292533304168,0.00010868383871318335,28.444311,28.595385,23.725,19.0,0,0.0,0,1009.874,,VIN9_NF_ALT
68.0,4783,28.544344,0.61833555,25.2,27.600000381469727,29.600000381469727,0.02166228,2.0,2.250263552540893,0.0,28.474098,28.625643,25.1,,0,0.0,0,988.45026,,VIN9_NF_ALT
69.0,7563,28.555468,0.75623137,25.8,27.399999618530273,29.799999237060547,0.026482891,2.3999996185302734,2.461605852490666,0.0,28.540266,28.566248,24.2,,0,0.0,0,1025.4257,,VIN9_NF_ALT
70.0,5219,28.392605,0.4951266,26.6,27.600000381469727,29.399999618530273,0.017438576,1.7999992370605469,1.996244961555251,0.0,28.4371,28.434439,25.6,,0,0.0,0,1060.973,,VIN9_NF_ALT
71.0,6743,28.493727,0.6067215,22.0,27.600000381469727,29.399999618530273,0.021293161,1.7999992370605469,2.2151201201209743,0.00029660388551090017,28.427729,28.532553,25.177778,22.0,0,0.0,0,989.2046,,VIN9_NF_ALT
72.0,5344,28.49289,0.5735922,26.8,27.600000381469727,29.600000381469727,0.020131065,2.0,2.1536242924796327,0.0,28.492447,28.537594,24.647999,19.4,0,0.0,0,1050.7833,,VIN9_NF_ALT
73.0,6336,28.385101,0.47892824,18.8,27.600000381469727,29.200000762939453,0.016872521,1.6000003814697266,1.9644525834420696,0.00015782828282828284,28.312548,28.43528,25.0,18.8,0,0.0,0,1024.0958,,VIN9_NF_ALT
74.0,6528,28.447489,0.5767465,26.4,27.600000381469727,29.399999618530273,0.020274075,1.7999992370605469,2.1635716835120435,0.0,28.442007,28.46641,25.2,,0,0.0,0,1051.0251,,VIN9_NF_ALT
75.0,6856,28.765812,0.9876484,17.4,27.200000762939453,30.399999618530273,0.034334105,3.1999988555908203,2.673705425324831,0.00014585764294049007,28.51995,28.834051,23.833334,17.4,0,0.0,0,1011.6245,,VIN9_NF_ALT
76.0,6519,28.507656,0.726419,26.2,27.399999618530273,29.799999237060547,0.025481539,2.3999996185302734,2.4127611196927776,0.0,28.455757,28.539047,21.5,19.4,0,0.0,0,1057.6908,,VIN9_NF_ALT
77.0,2113,28.41893,0.6623973,18.6,27.399999618530273,29.399999618530273,0.023308313,2.0,2.2729019943446613,0.000473260766682442,28.573034,28.36952,20.266666,18.6,0,0.0,0,1017.00354,,VIN9_NF_ALT
80.0,2945,28.86173,1.0611624,17.6,27.399999618530273,30.600000381469727,0.036767107,3.200000762939453,2.6756636584672995,0.00033955857385398983,28.486214,29.066387,,17.6,0,0.0,0,951.96674,,VIN9_NF_ALT
81.0,7348,28.556423,0.805075,26.0,27.399999618530273,30.0,0.02819243,2.6000003814697266,2.5046512062534085,0.0,28.389473,28.650312,23.357143,19.8,0,0.0,0,1007.1067,,VIN9_NF_ALT
82.0,6359,28.621607,0.8248453,26.2,27.399999618530273,30.200000762939453,0.028818972,2.8000011444091797,2.5101986364181443,0.0,28.440994,28.706089,,,0,0.0,0,1005.5848,,VIN9_NF_ALT
83.0,2297,28.485851,0.81017864,16.2,27.200000762939453,29.799999237060547,0.02844144,2.5999984741210938,2.4568406909865113,0.00043535045711797995,28.573166,28.491896,23.20171,16.2,0,0.0,0,1004.20953,,VIN9_NF_ALT
86.0,1437,28.860544,0.9727101,26.4,27.399999618530273,30.600000381469727,0.033703804,3.200000762939453,2.651345168433322,0.0,28.73427,28.93701,23.075,,0,0.0,0,933.1338,,VIN9_NF_ALT
87.0,77,29.023376,0.71743256,27.4,27.759999465942382,30.04000015258789,0.024719128,2.280000686645508,2.299096664212038,0.0,29.01081,,25.0,,0,0.0,0,628.773,,VIN9_NF_ALT
88.0,1796,28.570934,0.70143616,26.0,27.399999618530273,29.799999237060547,0.024550691,2.3999996185302734,2.364663308553734,0.0,28.495913,28.612612,24.4,,0,0.0,0,899.67554,,VIN9_NF_ALT
89.0,5941,28.449453,0.84607935,19.4,27.200000762939453,30.0,0.02973974,2.799999237060547,2.4932023926112206,0.000168321831341525,28.30811,28.478563,24.1,,0,0.0,0,1042.0616,,VIN9_NF_ALT
90.0,6533,28.502373,0.80359846,17.4,27.200000762939453,29.799999237060547,0.02819409,2.5999984741210938,2.493270849887565,0.00030613806826878924,28.388126,28.558716,24.114286,,0,0.0,0,994.8249,,VIN9_NF_ALT
91.0,9360,28.400747,0.67575943,20.6,27.399999618530273,29.600000381469727,0.02379372,2.200000762939453,2.334812546235977,0.00021367521367521368,28.31505,28.491964,23.72093,15.8,0,0.0,0,1014.798,,VIN9_NF_ALT
92.0,6552,28.46337,0.73948425,23.6,27.399999618530273,29.600000381469727,0.025980208,2.200000762939453,2.4172263066509245,0.00015262515262515263,28.468546,28.43392,23.866667,,0,0.0,0,964.98395,,VIN9_NF_ALT
93.0,3649,28.553686,0.80702317,21.2,27.280000305175783,29.799999237060547,0.028263362,2.519998931884764,2.5053137666284684,0.0002740476842970677,28.43548,28.681215,24.0,,0,0.0,0,959.33624,,VIN9_NF_ALT
94.0,8848,28.380222,0.67402005,25.4,27.399999618530273,29.600000381469727,0.02374964,2.200000762939453,2.344885956252951,0.0,28.399439,28.368479,,,0,0.0,0,1018.0475,,VIN9_NF_ALT
95.0,5371,28.243343,0.4009833,26.8,27.600000381469727,29.0,0.014197445,1.3999996185302734,1.825449792728526,0.0,28.302668,28.22115,25.4,,0,0.0,0,1028.9908,,VIN9_NF_ALT
96.0,6083,28.40983,0.66602767,25.8,27.399999618530273,29.600000381469727,0.023443563,2.200000762939453,2.319487105778327,0.0,28.328325,28.377214,23.85,,0,0.0,0,986.0992,,VIN9_NF_ALT
97.0,5762,28.38327,0.6757725,23.4,27.399999618530273,29.600000381469727,0.023808831,2.200000762939453,2.292964612411059,0.00017355085039916696,28.390846,28.395285,24.257143,,0,0.0,0,1032.5347,,VIN9_NF_ALT
98.0,5683,28.320324,0.5536863,22.6,27.600000381469727,29.399999618530273,0.019550847,1.7999992370605469,2.085782182764699,0.00017596339961288053,28.397,28.264006,24.5,,0,0.0,0,994.27936,,VIN9_NF_ALT
99.0,4890,28.342535,0.56836426,26.6,27.600000381469727,29.399999618530273,0.020053402,1.7999992370605469,2.1282753317638967,0.0,28.327055,28.348295,,,0,0.0,0,996.3525,,VIN9_NF_ALT
100.0,5379,28.315226,0.5946181,23.6,27.399999618530273,29.200000762939453,0.020999942,1.8000011444091797,2.2140874162952042,0.00018590816136828406,28.334774,28.28021,25.2,,0,0.0,0,977.3749,,VIN9_NF_ALT
101.0,6771,28.412998,0.7464476,26.2,27.200000762939453,29.600000381469727,0.026271343,2.3999996185302734,2.4533618556792263,0.0,28.351498,28.390423,,,0,0.0,0,1004.98615,,VIN9_NF_ALT
102.0,6931,28.516146,0.8712022,25.8,27.200000762939453,30.0,0.03055119,2.799999237060547,2.6028594007371137,0.0,28.47862,28.522999,,,0,0.0,0,976.3814,,VIN9_NF_ALT
103.0,5206,28.311604,0.5147132,26.8,27.600000381469727,29.399999618530273,0.018180292,1.7999992370605469,2.025181083524462,0.0,28.323132,28.257526,24.0,,0,0.0,0,1002.15106,,VIN9_NF_ALT
104.0,5591,28.333609,0.47261974,22.0,27.600000381469727,29.200000762939453,0.016680535,1.6000003814697266,1.92069495991481,0.0003577177606868181,28.368305,28.342384,24.25,,0,0.0,0,955.77686,,VIN9_NF_ALT
105.0,6022,28.236202,0.47575817,21.4,27.600000381469727,29.0,0.016849227,1.3999996185302734,1.9596247753388585,0.00033211557622052476,28.218199,28.280445,25.4,,0,0.0,0,1006.11066,,VIN9_NF_ALT
106.0,5802,28.37339,0.5670203,20.6,27.600000381469727,29.200000762939453,0.019984229,1.6000003814697266,2.107915843151571,0.000517063081695967,28.272093,28.409588,24.966667,20.6,0,0.0,0,972.31604,,VIN9_NF_ALT
107.0,3619,28.267809,0.3962928,26.4,27.600000381469727,28.819999313354472,0.014019226,1.2199989318847457,1.7911072139282718,0.0,28.312561,28.248522,24.95,,0,0.0,0,975.8395,,VIN9_NF_ALT
108.0,8922,28.30381,0.5803001,20.6,27.399999618530273,29.399999618530273,0.020502543,2.0,2.1676506712724084,0.0003362474781439139,28.29867,28.273817,25.0,20.6,0,0.0,0,1028.8156,,VIN9_NF_ALT
109.0,5178,28.255657,0.51278406,20.4,27.399999618530273,29.0,0.018148014,1.6000003814697266,2.062916683960148,0.00019312475859405175,28.235207,28.268478,24.416666,21.2,0,0.0,0,913.4232,,VIN9_NF_ALT
110.0,6264,28.240389,0.4779509,21.2,27.600000381469727,29.0,0.016924374,1.3999996185302734,1.9750245892223495,0.00015964240102171138,28.294523,28.27191,24.366667,,0,0.0,0,994.4303,,VIN9_NF_ALT
111.0,3689,28.105556,0.32044247,26.8,27.600000381469727,28.600000381469727,0.011401392,1.0,1.428674029950427,0.0,28.192528,28.094688,25.15,,0,0.0,0,986.1106,,VIN9_NF_ALT
112.0,4681,28.197437,0.468907,26.4,27.399999618530273,29.0,0.016629418,1.6000003814697266,1.9296792949799975,0.0,28.227142,28.16827,25.066666,,0,0.0,0,1049.485,,VIN9_NF_ALT
113.0,6203,28.327133,0.51334083,26.4,27.600000381469727,29.200000762939453,0.018121878,1.6000003814697266,2.0678959238927406,0.0,28.29712,28.353382,24.8,24.8,0,0.0,0,943.6061,,VIN9_NF_ALT
114.0,6288,28.249079,0.45499447,19.6,27.600000381469727,29.0,0.016106524,1.3999996185302734,1.920239155433139,0.00015903307888040714,28.266108,28.235126,,,0,0.0,0,984.09406,,VIN9_NF_ALT
115.0,7976,28.456244,0.82082677,21.8,27.200000762939453,29.799999237060547,0.028845226,2.5999984741210938,2.5281728267128956,0.00012537612838515547,28.29804,28.510406,,,0,0.0,0,1013.5637,,VIN9_NF_ALT
116.0,5723,28.275415,0.5532546,26.4,27.399999618530273,29.200000762939453,0.019566631,1.8000011444091797,2.1271536778078235,0.0,28.318504,28.277529,23.866667,,0,0.0,0,1000.6924,,VIN9_NF_ALT
117.0,6942,28.24869,0.48152483,26.4,27.600000381469727,29.0,0.017045917,1.3999996185302734,2.020326613865734,0.0,28.30541,28.232697,15.0,,0,0.0,0,980.8429,,VIN9_NF_ALT
118.0,4839,28.20525,0.43462828,26.4,27.600000381469727,28.799999237060547,0.015409482,1.1999988555908203,1.9194983882513257,0.0,28.323738,28.189278,,,0,0.0,0,992.8191,,VIN9_NF_ALT
119.0,5457,28.263807,0.5351813,21.8,27.399999618530273,29.200000762939453,0.018935215,1.8000011444091797,2.0865687720950836,0.0001832508704416346,28.201061,28.301222,24.2,,0,0.0,0,952.32837,,VIN9_NF_ALT
120.0,7257,28.393303,0.75138557,21.6,27.399999618530273,29.799999237060547,0.026463479,2.3999996185302734,2.407853769393588,0.00013779798814937303,28.369967,28.442831,24.190475,21.6,0,0.0,0,1028.0917,,VIN9_NF_ALT
121.0,5169,28.516,0.89343655,25.8,27.200000762939453,30.200000762939453,0.031331062,3.0,2.6054218849394717,0.0,28.370346,28.574446,,,0,0.0,0,949.4401,,VIN9_NF_ALT
122.0,7280,28.359945,0.6115974,23.4,27.399999618530273,29.399999618530273,0.021565536,2.0,2.226533712643101,0.00013736263736263736,28.425276,28.376877,24.092855,,0,0.0,0,1012.7728,,VIN9_NF_ALT
123.0,6025,28.257627,0.51624215,18.4,27.399999618530273,29.0,0.018269125,1.6000003814697266,2.041810659261252,0.00016597510373443983,28.29801,28.261482,23.4,18.4,0,0.0,0,962.6885,,VIN9_NF_ALT
124.0,7047,28.302427,0.5472959,23.4,27.399999618530273,29.200000762939453,0.01933742,1.8000011444091797,2.131939327731388,0.00014190435646374344,28.26068,28.301577,,,0,0.0,0,995.1579,,VIN9_NF_ALT
125.0,5862,28.213545,0.47682416,26.4,27.399999618530273,29.0,0.016900541,1.6000003814697266,2.0157341079702786,0.0,28.258102,28.181032,25.3,,0,0.0,0,986.24976,,VIN9_NF_ALT
126.0,6408,28.299377,0.5324608,26.8,27.399999618530273,29.200000762939453,0.018815283,1.8000011444091797,2.1123908489056715,0.0,28.29631,28.265673,,,0,0.0,0,964.77966,,VIN9_NF_ALT
127.0,6058,28.245426,0.5041119,24.0,27.399999618530273,29.0,0.017847558,1.6000003814697266,2.0680278320523744,0.0,28.28148,28.204243,23.6,,0,0.0,0,981.3941,,VIN9_NF_ALT
128.0,7009,28.329548,0.61966103,21.6,27.399999618530273,29.399999618530273,0.021873312,2.0,2.2563704606179242,0.00014267370523612499,28.315845,28.367947,23.6,,0,0.0,0,982.3373,,VIN9_NF_ALT
129.0,4755,28.25977,0.5166178,26.8,27.399999618530273,29.200000762939453,0.018281033,1.8000011444091797,2.0576882526297773,0.0,28.208395,28.330189,25.8,,0,0.0,0,985.8839,,VIN9_NF_ALT
130.0,7474,28.253786,0.51143724,21.4,27.399999618530273,29.200000762939453,0.018101547,1.8000011444091797,2.05365182934507,0.0001337971635001338,28.295496,28.224167,,21.4,0,0.0,0,996.5788,,VIN9_NF_ALT
131.0,5208,28.197235,0.39176273,26.4,27.600000381469727,28.799999237060547,0.013893657,1.1999988555908203,1.7430718622214085,0.0,28.263746,28.16816,24.0,24.0,0,0.0,0,974.7926,,VIN9_NF_ALT
132.0,6237,28.250536,0.48917577,26.8,27.600000381469727,29.0,0.017315628,1.3999996185302734,1.9939585876945394,0.0,28.211407,28.282442,25.1,,0,0.0,0,982.5851,,VIN9_NF_ALT
133.0,4224,28.230444,0.4876803,26.6,27.399999618530273,29.0,0.017274978,1.6000003814697266,1.9996600529611621,0.0,28.197948,28.285173,23.82353,,0,0.0,0,989.9463,,VIN9_NF_ALT
134.0,7260,28.233334,0.46120963,24.8,27.600000381469727,29.0,0.016335642,1.3999996185302734,1.9602220880076118,0.0,28.191877,28.228882,22.95,17.6,0,0.0,0,993.096,,VIN9_NF_ALT
135.0,6880,28.359943,0.6765398,23.4,27.399999618530273,29.600000381469727,0.02385547,2.200000762939453,2.353208661285253,0.00014534883720930232,28.329166,28.332533,23.755556,21.0,0,0.0,0,1011.925,,VIN9_NF_ALT
136.0,6266,28.432972,0.7559066,20.6,27.399999618530273,29.799999237060547,0.026585564,2.3999996185302734,2.4533989533530614,0.00015959144589849984,28.370253,28.433636,23.4,,0,0.0,0,970.7513,,VIN9_NF_ALT
137.0,6191,28.395802,0.7142187,26.2,27.399999618530273,29.600000381469727,0.025152264,2.200000762939453,2.3965896712667316,0.0,28.381474,28.412188,,,0,0.0,0,1006.57025,,VIN9_NF_ALT
138.0,6074,28.523476,0.925276,19.8,27.200000762939453,30.0,0.032439105,2.799999237060547,2.6426919594979617,0.00032927230819888045,28.324064,28.577616,23.6,,0,0.0,0,991.0457,,VIN9_NF_ALT
139.0,6232,28.253658,0.5240694,25.4,27.399999618530273,29.200000762939453,0.018548729,1.8000011444091797,2.0328154506881218,0.0,28.196056,28.240595,24.222221,,0,0.0,0,949.9954,,VIN9_NF_ALT
140.0,5385,28.227076,0.45722133,26.6,27.600000381469727,29.0,0.01619797,1.3999996185302734,1.9445568999498526,0.0,28.257614,28.21865,,,0,0.0,0,933.84,,VIN9_NF_ALT
141.0,5750,28.155375,0.4198147,21.4,27.600000381469727,28.799999237060547,0.014910642,1.1999988555908203,1.8186012017367743,0.00034782608695652176,28.199814,28.160099,21.900002,19.2,0,0.0,0,997.89825,,VIN9_NF_ALT
142.0,6050,28.23137,0.4532,25.0,27.600000381469727,29.0,0.016053064,1.3999996185302734,1.9109940065243767,0.0,28.190065,28.239595,25.2,,0,0.0,0,955.7087,,VIN9_NF_ALT
143.0,6570,28.37519,0.6956004,26.4,27.399999618530273,29.600000381469727,0.024514386,2.200000762939453,2.366590081523462,0.0,28.39427,28.322573,,,0,0.0,0,974.6424,,VIN9_NF_ALT
144.0,4318,28.234692,0.570262,26.4,27.399999618530273,29.200000762939453,0.02019721,1.8000011444091797,2.1924940042454537,0.0,28.192976,28.307173,23.4,,0,0.0,0,889.5889,,VIN9_NF_ALT
145.0,7940,28.273048,0.54029614,23.6,27.399999618530273,29.200000762939453,0.019109936,1.8000011444091797,2.1275686784305483,0.00025188916876574307,28.240768,28.314997,,,0,0.0,0,1008.76666,,VIN9_NF_ALT
146.0,5520,28.257683,0.5088587,25.0,27.399999618530273,29.0,0.0180078,1.6000003814697266,2.074683481718449,0.0,28.254196,28.28218,,,0,0.0,0,951.85754,,VIN9_NF_ALT
147.0,5952,28.262634,0.53571016,24.6,27.399999618530273,29.200000762939453,0.018954715,1.8000011444091797,2.1088878356701484,0.0,28.212244,28.315346,25.2,,0,0.0,0,1016.8136,,VIN9_NF_ALT
148.0,6804,28.33057,0.5839342,20.2,27.399999618530273,29.200000762939453,0.020611452,1.8000011444091797,2.1860713071286795,0.00014697236919459142,28.275494,28.358227,23.3,,0,0.0,0,986.1699,,VIN9_NF_ALT
149.0,5591,28.22994,0.5133474,26.2,27.399999618530273,29.0,0.018184502,1.6000003814697266,2.082919571673421,0.0,28.203306,28.303717,24.400002,,0,0.0,0,955.8514,,VIN9_NF_ALT
150.0,6712,28.237545,0.5239231,21.6,27.399999618530273,29.0,0.01855413,1.6000003814697266,2.0866998204947556,0.00014898688915375446,28.211185,28.26881,24.733332,21.6,0,0.0,0,951.4318,,VIN9_NF_ALT
151.0,6692,28.184877,0.4553522,25.4,27.399999618530273,29.0,0.016155904,1.6000003814697266,1.9541974508497673,0.0,28.22687,28.15737,24.2,,0,0.0,0,975.80194,,VIN9_NF_ALT
152.0,3863,28.194925,0.42221472,26.8,27.600000381469727,28.799999237060547,0.014974847,1.1999988555908203,1.8760956009976266,0.0,28.144764,28.24735,24.2,,0,0.0,0,914.51654,,VIN9_NF_ALT
153.0,8757,28.281422,0.50683624,26.6,27.399999618530273,29.200000762939453,0.017921172,1.8000011444091797,2.0490861143711174,0.0,28.266994,28.287271,24.4,,0,0.0,0,1020.0556,,VIN9_NF_ALT
154.0,3303,28.217922,0.3896833,26.6,27.600000381469727,28.799999237060547,0.013809781,1.1999988555908203,1.7867234020245648,0.0,28.171957,28.249962,14.8,,0,0.0,0,938.84985,,VIN9_NF_ALT
155.0,7589,28.26578,0.5085514,19.8,27.600000381469727,29.0,0.01799177,1.3999996185302734,2.042254771308841,0.00013176966662274345,28.220818,28.315775,24.7,19.8,0,0.0,0,999.11255,,VIN9_NF_ALT
156.0,6932,28.182055,0.46034613,26.4,27.399999618530273,29.0,0.016334726,1.6000003814697266,1.9582611041370295,0.0,28.16797,28.187859,24.7,,0,0.0,0,977.8334,,VIN9_NF_ALT
157.0,5985,28.168655,0.36881253,26.8,27.600000381469727,28.799999237060547,0.013093011,1.1999988555908203,1.7093206713391478,0.0,28.307423,28.15398,25.24,,0,0.0,0,1027.483,,VIN9_NF_ALT
158.0,5969,28.232233,0.44531336,26.4,27.600000381469727,29.0,0.015773226,1.3999996185302734,1.950558531471248,0.0,28.240192,28.218222,,,0,0.0,0,962.19495,,VIN9_NF_ALT
159.0,5822,28.161114,0.36624357,26.4,27.600000381469727,28.799999237060547,0.013005294,1.1999988555908203,1.7290539379944097,0.0,28.18061,28.130247,23.533333,20.6,0,0.0,0,1011.5319,,VIN9_NF_ALT
160.0,5583,28.195236,0.42300245,26.6,27.600000381469727,28.799999237060547,0.015002621,1.1999988555908203,1.8936879485311366,0.0,28.138155,28.23455,24.0,,0,0.0,0,962.38385,,VIN9_NF_ALT
161.0,5600,28.196072,0.4776994,25.0,27.399999618530273,29.0,0.016942056,1.6000003814697266,2.019372760031048,0.0,28.186226,28.21302,24.466667,,0,0.0,0,1002.0849,,VIN9_NF_ALT
162.0,5936,28.344408,0.71774876,21.6,27.200000762939453,29.600000381469727,0.025322411,2.3999996185302734,2.4076845045538757,0.00016846361185983828,28.376143,28.32191,23.766668,21.6,0,0.0,0,943.7085,,VIN9_NF_ALT
163.0,6087,28.266537,0.576283,21.6,27.399999618530273,29.200000762939453,0.020387463,1.8000011444091797,2.1775930930861866,0.0001642845408247084,28.246431,28.290121,24.0,21.6,0,0.0,0,1008.36365,,VIN9_NF_ALT
164.0,6402,28.396875,0.859382,25.0,27.200000762939453,30.0,0.030263258,2.799999237060547,2.57699024191335,0.0,28.265858,28.405682,,,0,0.0,0,979.0307,,VIN9_NF_ALT
165.0,7507,28.451391,0.8930358,25.4,27.0,30.0,0.031388126,3.0,2.6212845115243697,0.0,28.33883,28.4348,,,0,0.0,0,1028.342,,VIN9_NF_ALT
166.0,6475,28.299644,0.7391381,24.2,27.0,29.399999618530273,0.026118282,2.3999996185302734,2.4414325464855744,0.0,28.163326,28.33714,23.933334,,0,0.0,0,970.4568,,VIN9_NF_ALT
167.0,6654,28.519087,0.9246394,25.8,27.200000762939453,30.0,0.032421775,2.799999237060547,2.6400322439215027,0.0,28.535267,28.472021,22.8,,0,0.0,0,987.4099,,VIN9_NF_ALT
168.0,6614,28.471,0.8908169,22.6,27.200000762939453,30.0,0.03128857,2.799999237060547,2.616101426667075,0.00015119443604475356,28.327213,28.450254,22.099998,,0,0.0,0,978.6686,,VIN9_NF_ALT
169.0,6551,28.494795,0.9210194,25.6,27.0,30.0,0.032322373,3.0,2.6510630394635974,0.0,28.600891,28.44209,24.15,,0,0.0,0,1002.03955,,VIN9_NF_ALT
170.0,7212,28.441626,0.8900398,17.8,27.200000762939453,30.0,0.031293564,2.799999237060547,2.5994492912666853,0.00013865779256794233,28.389484,28.479557,,17.8,0,0.0,0,982.7228,,VIN9_NF_ALT
171.0,6655,28.592607,1.0281897,25.0,27.0,30.399999618530273,0.03595998,3.3999996185302734,2.7180696446677697,0.0,28.590202,28.586155,,,0,0.0,0,1005.1296,,VIN9_NF_ALT
172.0,6110,28.522259,0.96179366,25.6,27.0,30.0,0.03372081,3.0,2.68899122962918,0.0,28.406288,28.564514,22.92,23.0,0,0.0,0,954.72546,,VIN9_NF_ALT
173.0,6417,28.379866,0.77008826,19.4,27.399999618530273,29.799999237060547,0.027135022,2.3999996185302734,2.442047600461107,0.0003116721209287829,28.412788,28.302725,21.2,17.8,0,0.0,0,1007.22644,,VIN9_NF_ALT
174.0,6082,28.332752,0.7049961,25.8,27.200000762939453,29.399999618530273,0.024882726,2.1999988555908203,2.3979908114228734,0.0,28.345146,28.361294,22.4,22.4,0,0.0,0,926.80975,,VIN9_NF_ALT
175.0,7351,28.283064,0.5244241,26.2,27.399999618530273,29.200000762939453,0.018541982,1.8000011444091797,2.0893936174873318,0.0,28.25578,28.275032,24.8,,0,0.0,0,1013.5183,,VIN9_NF_ALT
176.0,5138,28.23764,0.4636442,26.4,27.600000381469727,29.0,0.016419368,1.3999996185302734,1.9920785733464599,0.0,28.261984,28.223755,24.2,,0,0.0,0,956.27454,,VIN9_NF_ALT
177.0,5880,28.215546,0.49201468,21.6,27.399999618530273,29.0,0.017437717,1.6000003814697266,2.0341057448948154,0.0003401360544217687,28.186245,28.172598,24.353848,,0,0.0,0,1007.4773,,VIN9_NF_ALT
178.0,4446,28.248941,0.4848921,26.2,27.399999618530273,29.0,0.017164966,1.6000003814697266,2.0136936537956602,0.0,28.18799,28.257872,23.800001,,0,0.0,0,938.18896,,VIN9_NF_ALT
179.0,6823,28.330294,0.5321513,26.6,27.399999618530273,29.200000762939453,0.018783825,1.8000011444091797,2.106145398725937,0.0,28.323677,28.310928,24.7,,0,0.0,0,985.01984,,VIN9_NF_ALT
180.0,6210,28.18483,0.42581597,26.2,27.600000381469727,29.0,0.015107985,1.3999996185302734,1.8351156391547647,0.0,28.180416,28.170687,13.2,13.2,0,0.0,0,991.4493,,VIN9_NF_ALT
181.0,6075,28.20764,0.44710416,26.4,27.399999618530273,29.0,0.015850464,1.6000003814697266,1.9585263511633242,0.0,28.217821,28.190592,24.8,,0,0.0,0,1015.9554,,VIN9_NF_ALT
182.0,5646,28.195042,0.4194773,26.2,27.600000381469727,28.799999237060547,0.014877698,1.1999988555908203,1.8534942475117713,0.0,28.199755,28.20089,19.2,14.4,0,0.0,0,983.3244,,VIN9_NF_ALT
183.0,2639,28.193634,0.38825297,24.0,27.600000381469727,29.0,0.013770944,1.3999996185302734,1.5748831496938989,0.0,28.275429,28.122309,23.866667,,0,0.0,0,890.6691,,VIN9_NF_ALT
184.0,8228,28.253305,0.5043749,21.0,27.600000381469727,29.200000762939453,0.017851891,1.6000003814697266,2.040928038746613,0.00012153621779290228,28.229538,28.229326,24.555555,,0,0.0,0,1005.0477,,VIN9_NF_ALT
185.0,5891,28.214664,0.44140783,26.6,27.600000381469727,29.0,0.015644625,1.3999996185302734,1.9161040947902948,0.0,28.254583,28.178514,24.4,,0,0.0,0,1005.9941,,VIN9_NF_ALT
186.0,5225,28.221052,0.44682056,23.8,27.600000381469727,29.0,0.01583288,1.3999996185302734,1.9263772847349094,0.00019138755980861245,28.230556,28.22546,24.4,,0,0.0,0,1001.2561,,VIN9_NF_ALT
187.0,7588,28.291435,0.5168523,26.4,27.399999618530273,29.200000762939453,0.01826886,1.8000011444091797,2.0863969165236433,0.0,28.281567,28.27576,24.733332,,0,0.0,0,995.3065,,VIN9_NF_ALT
188.0,5676,28.2895,0.5072677,21.8,27.600000381469727,29.0,0.017931307,1.3999996185302734,2.0392057249286766,0.00017618040873854828,28.302187,28.281706,24.571428,,0,0.0,0,962.39703,,VIN9_NF_ALT
189.0,5870,28.219967,0.47280443,22.6,27.600000381469727,29.0,0.016754251,1.3999996185302734,1.9849147893273116,0.00017035775127768313,28.22726,28.21401,21.7,,0,0.0,0,1018.12274,,VIN9_NF_ALT
190.0,5378,28.288845,0.51100415,26.6,27.600000381469727,29.200000762939453,0.018063804,1.6000003814697266,2.0687649410172777,0.0,28.240799,28.325975,,,0,0.0,0,955.27045,,VIN9_NF_ALT
191.0,6921,28.200867,0.41854322,24.8,27.600000381469727,28.799999237060547,0.014841502,1.1999988555908203,1.8538161156039243,0.0,28.231867,28.211275,24.900002,,0,0.0,0,1024.8756,,VIN9_NF_ALT
192.0,2119,28.105804,0.41392127,24.4,27.399999618530273,28.799999237060547,0.014727253,1.3999996185302734,1.8524320465056539,0.0,28.134544,28.083534,21.7,19.8,0,0.0,0,906.3933,,VIN9_NF_ALT
193.0,3779,28.27891,0.46849644,27.0,27.600000381469727,29.0,0.016566992,1.3999996185302734,1.9704834924072698,0.0,28.340284,28.233135,25.2,,0,0.0,0,996.61255,,VIN9_NF_ALT
194.0,4472,28.244051,0.48490566,20.8,27.600000381469727,29.0,0.017168418,1.3999996185302734,1.9657038984015573,0.00022361359570661896,28.263618,28.282488,24.199999,,0,0.0,0,972.7556,,VIN9_NF_ALT
195.0,6669,28.235388,0.5062608,26.4,27.399999618530273,29.0,0.01793001,1.6000003814697266,2.044581607647873,0.0,28.22297,28.222437,23.900002,,0,0.0,0,1020.7869,,VIN9_NF_ALT
196.0,5662,28.223383,0.47298017,23.2,27.399999618530273,29.0,0.016758451,1.6000003814697266,1.9963004184916304,0.00017661603673613564,28.235409,28.197264,24.6,,0,0.0,0,1005.95764,,VIN9_NF_ALT
197.0,5339,28.169132,0.42274085,26.4,27.399999618530273,28.799999237060547,0.015007237,1.3999996185302734,1.8956246830824726,0.0,28.108173,28.18096,24.2,,0,0.0,0,992.45825,,VIN9_NF_ALT
198.0,6435,28.192633,0.49090117,25.2,27.399999618530273,29.0,0.017412392,1.6000003814697266,2.0208101742735685,0.0,28.246359,28.175293,,,0,0.0,0,1010.9083,,VIN9_NF_ALT
199.0,5881,28.26652,0.54625154,19.2,27.399999618530273,29.200000762939453,0.019325037,1.8000011444091797,2.1090237156280773,0.0005101173269852066,28.235088,28.225891,24.24,,0,0.0,0,974.83514,,VIN9_NF_ALT
200.0,6291,28.22715,0.5003405,24.2,27.399999618530273,29.0,0.017725507,1.6000003814697266,2.046071189698379,0.0,28.330023,28.17214,22.933334,20.6,0,0.0,0,983.26245,,VIN9_NF_ALT
201.0,6112,28.16767,0.4733741,24.8,27.399999618530273,29.0,0.016805584,1.6000003814697266,2.0157584047484374,0.0,28.191484,28.237211,23.314285,23.6,0,0.0,0,969.63947,,VIN9_NF_ALT
202.0,7447,28.190063,0.4960094,21.8,27.399999618530273,29.0,0.017595187,1.6000003814697266,2.0380202786073673,0.0001342822613132805,28.2084,28.194326,23.2,,0,0.0,0,992.68396,,VIN9_NF_ALT
203.0,5020,28.24741,0.41741246,19.4,27.600000381469727,28.799999237060547,0.014777017,1.1999988555908203,1.8270661195960118,0.00019920318725099602,28.274527,28.262663,23.966667,19.4,0,0.0,0,951.4934,,VIN9_NF_ALT
204.0,2484,28.22327,0.51748914,20.4,27.399999618530273,29.0,0.018335547,1.6000003814697266,2.058317789015299,0.00040257648953301127,28.281437,28.207706,24.1,20.4,0,0.0,0,911.9545,,VIN9_NF_ALT
205.0,52,28.511538,0.6141003,27.0,27.619999408721924,29.489999961853027,0.021538658,1.8700005531311028,2.1504015585091114,0.0,28.480001,,,,0,0.0,0,885.19073,,VIN9_NF_ALT
206.0,269,28.565056,0.7529829,26.6,27.600000381469727,29.799999237060547,0.02636028,2.1999988555908203,2.419242247856494,0.0,28.54876,,21.666666,,0,0.0,0,660.0059,,VIN9_NF_ALT
207.0,142,28.332394,0.66562504,23.4,27.600000381469727,29.200000762939453,0.023493428,1.6000003814697266,1.9765647240809103,0.007042253521126761,28.323309,,,,0,0.0,0,650.2524,,VIN9_NF_ALT
208.0,18,28.422222,0.65758526,27.0,27.51000032424927,29.260000705718994,0.023136307,1.7500003814697251,1.919223230926115,0.0,28.428572,,,,0,0.0,0,815.55554,,VIN9_NF_ALT
209.0,72,28.330557,0.43915367,27.4,27.600000381469727,29.0,0.0155010605,1.3999996185302734,1.9394002104333503,0.0,28.353848,,23.4,,0,0.0,0,748.17334,,VIN9_NF_ALT
210.0,44,28.327272,0.40712467,27.4,27.600000381469727,28.799999237060547,0.01437218,1.1999988555908203,1.8750547370754922,0.0,28.264286,,,,0,0.0,0,800.9891,,VIN9_NF_ALT
212.0,24,28.366667,0.31576902,27.8,28.0,28.799999237060547,0.011131693,0.7999992370605469,1.5377791502696874,0.0,28.307692,,,,0,0.0,0,1008.99335,,VIN9_NF_ALT
213.0,42,28.361904,0.40300834,27.4,27.799999237060547,29.0,0.014209495,1.2000007629394531,1.8126150105274847,0.0,28.327272,,,,0,0.0,0,721.0667,,VIN9_NF_ALT
214.0,102,28.290197,0.37509322,27.2,27.600000381469727,28.799999237060547,0.01325877,1.1999988555908203,1.7637772676445744,0.0,28.292135,,,,0,0.0,0,694.411,,VIN9_NF_ALT
215.0,111,28.317116,0.37022695,27.6,27.799999237060547,29.0,0.013074317,1.2000007629394531,1.7035095670987648,0.0,28.336,,23.4,,0,0.0,0,698.7085,,VIN9_NF_ALT
218.0,3447,28.124977,0.36647034,27.0,27.600000381469727,28.799999237060547,0.013030067,1.1999988555908203,1.7102151175995322,0.0,28.232187,28.101135,24.0,,0,0.0,0,1002.97314,,VIN9_NF_ALT
219.0,5763,28.206802,0.48314407,20.0,27.399999618530273,29.0,0.017128637,1.6000003814697266,1.9956616024761658,0.00017352073572791948,28.182465,28.239367,23.8,20.0,0,0.0,0,950.22144,,VIN9_NF_ALT
220.0,9186,28.204268,0.45085448,26.0,27.600000381469727,29.0,0.015985329,1.3999996185302734,1.9274419266793188,0.0,28.261776,28.208784,24.822222,,0,0.0,0,1009.03516,,VIN9_NF_ALT
221.0,6316,28.26919,0.5325396,26.0,27.399999618530273,29.200000762939453,0.018838163,1.8000011444091797,2.103483501618116,0.0,28.217142,28.301668,23.8,,0,0.0,0,963.22516,,VIN9_NF_ALT
222.0,7273,28.230883,0.503342,24.8,27.399999618530273,29.0,0.01782948,1.6000003814697266,2.0440483528374225,0.0,28.25337,28.196472,23.933334,,0,0.0,0,999.9745,,VIN9_NF_ALT
223.0,1643,28.18442,0.47857958,19.4,27.600000381469727,28.799999237060547,0.016980289,1.1999988555908203,1.905608587309273,0.0006086427267194157,28.297703,28.18195,24.1,19.4,0,0.0,0,926.25555,,VIN9_NF_ALT
225.0,5414,28.323458,0.5370515,26.4,27.399999618530273,29.200000762939453,0.018961368,1.8000011444091797,2.10766552863465,0.0,28.389736,28.326712,,,0,0.0,0,992.21844,,VIN9_NF_ALT
226.0,6671,28.210283,0.44802657,26.6,27.600000381469727,29.0,0.015881676,1.3999996185302734,1.9509656041149717,0.0,28.225653,28.193754,24.3,,0,0.0,0,999.25665,,VIN9_NF_ALT
227.0,6137,28.273098,0.5362675,26.0,27.399999618530273,29.200000762939453,0.018967412,1.8000011444091797,2.1248914009979734,0.0,28.28325,28.309671,24.8,,0,0.0,0,963.53625,,VIN9_NF_ALT
228.0,6455,28.207901,0.5523869,26.2,27.399999618530273,29.200000762939453,0.0195827,1.8000011444091797,2.148965709497512,0.0,28.20726,28.245564,21.7,24.6,0,0.0,0,955.60565,,VIN9_NF_ALT
229.0,8909,28.185902,0.49090394,26.6,27.399999618530273,29.0,0.017416649,1.6000003814697266,2.0252311333079382,0.0,28.196661,28.224857,,,0,0.0,0,999.66986,,VIN9_NF_ALT
230.0,7375,28.191864,0.47320268,23.2,27.399999618530273,29.0,0.01678508,1.6000003814697266,1.996749328986781,0.00013559322033898305,28.187122,28.190859,24.52,,0,0.0,0,1033.1239,,VIN9_NF_ALT
231.0,6380,28.226553,0.49412,26.0,27.399999618530273,29.0,0.017505502,1.6000003814697266,2.0269460378525506,0.0,28.239473,28.225824,24.2,,0,0.0,0,992.5801,,VIN9_NF_ALT
232.0,5557,28.228397,0.47932768,19.8,27.600000381469727,29.0,0.016980337,1.3999996185302734,1.947831907335669,0.00035990642432967427,28.260271,28.283463,24.5,19.8,0,0.0,0,965.47095,,VIN9_NF_ALT
233.0,6875,28.207914,0.46026415,26.6,27.399999618530273,29.0,0.016316844,1.6000003814697266,1.9831870307017587,0.0,28.252182,28.209501,24.2,,0,0.0,0,974.4829,,VIN9_NF_ALT
234.0,7265,28.194687,0.4984661,19.6,27.399999618530273,29.0,0.017679434,1.6000003814697266,2.038953286913503,0.00013764624913971095,28.218369,28.208132,24.4,23.8,0,0.0,0,997.19147,,VIN9_NF_ALT
235.0,5532,28.222088,0.4399628,22.6,27.600000381469727,28.799999237060547,0.015589307,1.1999988555908203,1.9115932733942735,0.00036153289949385393,28.198168,28.267586,23.8,,0,0.0,0,943.4023,,VIN9_NF_ALT
236.0,6011,28.208185,0.4356488,26.4,27.600000381469727,29.0,0.015444056,1.3999996185302734,1.9147154114381895,0.0,28.17637,28.224092,25.0,,0,0.0,0,983.0486,,VIN9_NF_ALT
237.0,7249,28.20069,0.4313393,23.8,27.600000381469727,29.0,0.015295345,1.3999996185302734,1.8915956990719947,0.00013795006207752792,28.209923,28.209215,,,0,0.0,0,1011.0707,,VIN9_NF_ALT
238.0,5840,28.180172,0.44812098,19.6,27.600000381469727,28.799999237060547,0.015901996,1.1999988555908203,1.8924832727487237,0.0005136986301369863,28.143217,28.216913,24.1,,0,0.0,0,988.7239,,VIN9_NF_ALT
239.0,5925,28.206314,0.46648002,18.4,27.600000381469727,29.0,0.016538141,1.3999996185302734,1.9549365715789555,0.00016877637130801687,28.144146,28.25748,24.400002,18.4,0,0.0,0,985.31006,,VIN9_NF_ALT
240.0,7108,28.196651,0.42606115,23.2,27.600000381469727,28.799999237060547,0.015110346,1.1999988555908203,1.8813393416450956,0.00014068655036578504,28.236244,28.181234,25.6,,0,0.0,0,997.2543,,VIN9_NF_ALT
241.0,6831,28.410862,0.72983223,25.6,27.399999618530273,29.600000381469727,0.025688494,2.200000762939453,2.416548897197968,0.0,28.3025,28.49326,23.682354,18.8,0,0.0,0,982.36237,,VIN9_NF_ALT
242.0,5633,28.352957,0.72962534,20.6,27.200000762939453,29.600000381469727,0.025733659,2.3999996185302734,2.4241072983451044,0.00017752529735487306,28.282434,28.381535,23.0,,0,0.0,0,1005.4719,,VIN9_NF_ALT
243.0,6721,28.20378,0.47099563,26.2,27.399999618530273,29.0,0.016699735,1.6000003814697266,1.995231888310572,0.0,28.176886,28.21156,19.2,12.2,0,0.0,0,1000.71924,,VIN9_NF_ALT
244.0,6795,28.17045,0.4504252,23.4,27.600000381469727,28.799999237060547,0.01598928,1.1999988555908203,1.894084359182433,0.00014716703458425313,28.23786,28.15025,23.8,,0,0.0,0,990.39966,,VIN9_NF_ALT
245.0,3426,28.190018,0.39477557,26.6,27.600000381469727,28.799999237060547,0.014004091,1.1999988555908203,1.817151801307745,0.0,28.157454,28.229416,18.2,,0,0.0,0,916.0787,,VIN9_NF_ALT
246.0,8691,28.373398,0.6877867,20.4,27.399999618530273,29.600000381469727,0.024240548,2.200000762939453,2.312341763539032,0.00023012311586698885,28.369913,28.3787,23.900002,,0,0.0,0,1009.8724,,VIN9_NF_ALT
247.0,6276,28.401594,0.7747637,20.8,27.200000762939453,29.600000381469727,0.027278882,2.3999996185302734,2.4577252416288538,0.00015933715742511153,28.407185,28.446093,24.014286,,0,0.0,0,964.89014,,VIN9_NF_ALT
248.0,5435,28.326956,0.64060855,26.2,27.399999618530273,29.399999618530273,0.022614803,2.0,2.2371366410383713,0.0,28.306892,28.385576,24.2,,0,0.0,0,961.16345,,VIN9_NF_ALT
249.0,2839,28.12117,0.33228755,26.8,27.600000381469727,28.600000381469727,0.011816277,1.0,1.595835040106346,0.0,28.14591,28.098654,24.0,,0,0.0,0,998.71643,,VIN9_NF_ALT
255.0,6322,28.328344,0.57398933,26.2,27.600000381469727,29.399999618530273,0.020262014,1.7999992370605469,2.1906682600436063,0.0,28.36782,28.317303,26.2,,0,0.0,0,1001.9008,,VIN9_NF_ALT
256.0,6499,28.35633,0.62388676,25.8,27.399999618530273,29.399999618530273,0.022001674,2.0,2.263992407584984,0.0,28.27358,28.376867,23.24,18.8,0,0.0,0,1021.05426,,VIN9_NF_ALT
257.0,7075,28.357738,0.6889782,23.6,27.200000762939453,29.399999618530273,0.02429595,2.1999988555908203,2.362789758930815,0.0001413427561837456,28.272217,28.389698,24.0,,0,0.0,0,975.1868,,VIN9_NF_ALT
258.0,5291,28.331923,0.70146465,26.4,27.399999618530273,29.600000381469727,0.024758808,2.200000762939453,2.316120776291326,0.0,28.236738,28.433458,22.6,19.4,0,0.0,0,971.86725,,VIN9_NF_ALT
259.0,7260,28.14639,0.37775585,26.4,27.600000381469727,28.799999237060547,0.013421112,1.1999988555908203,1.7702157810217916,0.0,28.191574,28.12779,24.25,,0,0.0,0,1007.2515,,VIN9_NF_ALT
260.0,6710,28.185663,0.38154253,22.2,27.600000381469727,28.799999237060547,0.013536759,1.1999988555908203,1.755028416184675,0.00014903129657228018,28.197256,28.171938,23.900002,,0,0.0,0,1006.0564,,VIN9_NF_ALT
261.0,5422,28.218332,0.39041683,26.8,27.600000381469727,28.799999237060547,0.0138355745,1.1999988555908203,1.8088219770636058,0.0,28.236734,28.248306,24.228573,,0,0.0,0,968.07983,,VIN9_NF_ALT
262.0,6895,28.249022,0.47445795,21.8,27.600000381469727,29.0,0.016795553,1.3999996185302734,1.9880147321034232,0.000145032632342277,28.28409,28.257607,24.233332,,0,0.0,0,944.9579,,VIN9_NF_ALT
263.0,7468,28.232805,0.53973025,23.4,27.399999618530273,29.0,0.019117132,1.6000003814697266,2.1329900238438086,0.0001339046598821639,28.224499,28.25359,22.933334,,0,0.0,0,1002.581,,VIN9_NF_ALT
264.0,6864,28.189539,0.479911,25.8,27.399999618530273,29.0,0.017024435,1.6000003814697266,1.9974142696323143,0.0,28.224625,28.203514,24.344444,,0,0.0,0,953.69415,,VIN9_NF_ALT
265.0,6261,28.177862,0.42366344,20.4,27.600000381469727,28.799999237060547,0.015035329,1.1999988555908203,1.8661163770180667,0.00015971889474524837,28.131067,28.208519,23.5,,0,0.0,0,991.61444,,VIN9_NF_ALT
266.0,5876,28.161264,0.39062726,20.2,27.600000381469727,28.799999237060547,0.013871084,1.1999988555908203,1.6975237731859978,0.00017018379850238256,28.176323,28.165037,24.666666,20.2,0,0.0,0,957.70386,,VIN9_NF_ALT
267.0,5774,28.166435,0.38684756,21.8,27.600000381469727,28.799999237060547,0.013734345,1.1999988555908203,1.719957055147879,0.00017319016279875303,28.167574,28.175272,24.945454,,0,0.0,0,944.68036,,VIN9_NF_ALT
268.0,5377,28.11408,0.30790207,27.0,27.600000381469727,28.600000381469727,0.010951881,1.0,1.3673052111223332,0.0,28.121042,28.101538,20.2,20.2,0,0.0,0,957.8553,,VIN9_NF_ALT
269.0,6047,28.236116,0.4911846,20.8,27.399999618530273,29.0,0.017395614,1.6000003814697266,1.999581833089925,0.000330742516950554,28.211637,28.255344,24.4,,0,0.0,0,936.70514,,VIN9_NF_ALT
270.0,5939,28.18902,0.45150176,17.8,27.399999618530273,28.799999237060547,0.016016938,1.3999996185302734,1.890563515160471,0.0003367570298029971,28.157618,28.23022,23.866667,17.8,0,0.0,0,909.31165,,VIN9_NF_ALT
271.0,7700,28.235817,0.4890171,23.0,27.600000381469727,29.0,0.017319035,1.3999996185302734,2.0260497447354378,0.00012987012987012987,28.318546,28.209167,24.266668,,0,0.0,0,963.5652,,VIN9_NF_ALT
272.0,5649,28.20616,0.44878373,26.6,27.600000381469727,29.0,0.015910842,1.3999996185302734,1.9089180899488285,0.0,28.269892,28.16678,24.475,,0,0.0,0,909.2365,,VIN9_NF_ALT
273.0,6995,28.239456,0.51170874,19.4,27.399999618530273,29.0,0.018120347,1.6000003814697266,2.06219709288801,0.0001429592566118656,28.25075,28.254877,24.533333,,0,0.0,0,950.97925,,VIN9_NF_ALT
274.0,5679,28.2162,0.46226192,26.4,27.600000381469727,29.0,0.016382854,1.3999996185302734,1.9653901923138195,0.0,28.298443,28.236738,,,0,0.0,0,918.0376,,VIN9_NF_ALT
275.0,7423,28.19488,0.4426053,23.4,27.600000381469727,29.0,0.015698073,1.3999996185302734,1.8869958229953765,0.0001347164219318335,28.19883,28.178713,19.6,,0,0.0,0,964.86743,,VIN9_NF_ALT
276.0,6751,28.215523,0.47462,26.0,27.399999618530273,29.0,0.016821237,1.6000003814697266,2.0038989646050287,0.0,28.16958,28.219576,25.2,,0,0.0,0,936.98584,,VIN9_NF_ALT
277.0,5830,28.192247,0.41691166,26.0,27.600000381469727,28.799999237060547,0.014788167,1.1999988555908203,1.8758757650705717,0.0,28.251936,28.196705,24.099998,,0,0.0,0,960.261,,VIN9_NF_ALT
278.0,6504,28.209654,0.4443009,22.8,27.600000381469727,29.0,0.01574996,1.3999996185302734,1.9048618845002006,0.00015375153751537516,28.2693,28.199371,23.6,22.8,0,0.0,0,957.6969,,VIN9_NF_ALT
279.0,873,28.221994,0.46022743,22.2,27.600000381469727,28.799999237060547,0.016307402,1.1999988555908203,1.829173242741832,0.001145475372279496,28.16481,28.317646,23.55,19.2,0,0.0,0,806.38586,,VIN9_NF_ALT
280.0,5001,28.267588,0.5146874,24.8,27.399999618530273,29.0,0.018207688,1.6000003814697266,2.0846574339371378,0.0,28.312937,28.265162,23.9,,0,0.0,0,962.534,,VIN9_NF_ALT
281.0,7037,28.258804,0.5578051,26.2,27.399999618530273,29.200000762939453,0.019739162,1.8000011444091797,2.1618413470085542,0.0,28.271511,28.254908,23.960001,,0,0.0,0,950.0069,,VIN9_NF_ALT
282.0,5644,28.243727,0.48344705,26.6,27.399999618530273,29.0,0.017116971,1.6000003814697266,2.025821626016555,0.0,28.207455,28.231586,23.84,,0,0.0,0,962.5587,,VIN9_NF_ALT
283.0,5357,28.209633,0.4526214,26.6,27.399999618530273,29.0,0.016044924,1.6000003814697266,1.9455394777043624,0.0,28.1599,28.21171,,,0,0.0,0,951.3494,,VIN9_NF_ALT
284.0,6585,28.221018,0.49961883,26.6,27.399999618530273,29.0,0.017703785,1.6000003814697266,2.0397577410683403,0.0,28.207253,28.217571,23.953846,,0,0.0,0,968.1754,,VIN9_NF_ALT
285.0,5827,28.313848,0.4986959,25.2,27.600000381469727,29.200000762939453,0.017613145,1.6000003814697266,2.0437136766503654,0.0,28.320864,28.296854,24.920002,,0,0.0,0,968.4264,,VIN9_NF_ALT
286.0,5196,28.266935,0.49128684,25.8,27.600000381469727,29.0,0.017380266,1.3999996185302734,2.0092493101528506,0.0,28.170422,28.294678,21.9,,0,0.0,0,914.9154,,VIN9_NF_ALT
287.0,7883,28.265533,0.44748947,24.4,27.600000381469727,29.0,0.01583163,1.3999996185302734,1.9373683184199813,0.0,28.30498,28.257816,23.92,,0,0.0,0,966.6907,,VIN9_NF_ALT
288.0,5490,28.333988,0.57914156,23.8,27.399999618530273,29.200000762939453,0.020439819,1.8000011444091797,2.172189070012691,0.00018214936247723133,28.363106,28.31605,20.4,,0,0.0,0,927.92615,,VIN9_NF_ALT
289.0,6467,28.297543,0.5197954,20.6,27.600000381469727,29.200000762939453,0.018368924,1.6000003814697266,2.07153937408962,0.00015463120457708364,28.286537,28.287432,22.733332,20.6,0,0.0,0,963.232,,VIN9_NF_ALT
290.0,6873,28.285524,0.5235226,24.8,27.600000381469727,29.200000762939453,0.0185085,1.6000003814697266,2.089928297714871,0.0,28.287748,28.27707,24.75,,0,0.0,0,945.0992,,VIN9_NF_ALT
291.0,5399,28.258936,0.4789156,26.8,27.399999618530273,29.0,0.016947404,1.6000003814697266,2.0171176309196186,0.0,28.212175,28.277782,24.5,,0,0.0,0,961.81506,,VIN9_NF_ALT
292.0,6710,28.240715,0.47605923,21.8,27.600000381469727,29.0,0.016857194,1.3999996185302734,1.9710508449187505,0.00014903129657228018,28.224976,28.248825,24.375,,0,0.0,0,942.08624,,VIN9_NF_ALT
293.0,7126,28.268621,0.47557077,20.4,27.600000381469727,29.0,0.016823275,1.3999996185302734,1.9817447687357503,0.000140331181588549,28.287529,28.256964,23.8,20.4,0,0.0,0,975.47784,,VIN9_NF_ALT
294.0,5891,28.280733,0.4777002,22.0,27.600000381469727,29.0,0.016891366,1.3999996185302734,1.9667610519412646,0.00016975046681378373,28.22832,28.291708,23.199999,16.2,0,0.0,0,1006.71027,,VIN9_NF_ALT
295.0,7027,28.25755,0.48952696,26.4,27.600000381469727,29.0,0.017323758,1.3999996185302734,2.018360236266175,0.0,28.292324,28.252792,22.65,,0,0.0,0,964.3498,,VIN9_NF_ALT
296.0,4958,28.2666,0.4504696,26.6,27.600000381469727,29.0,0.015936462,1.3999996185302734,1.9599652573374344,0.0,28.231638,28.293505,25.5,,0,0.0,0,997.3813,,VIN9_NF_ALT
297.0,8770,28.421665,0.6924156,26.0,27.399999618530273,29.600000381469727,0.024362246,2.200000762939453,2.3733818334496832,0.0,28.367891,28.421711,25.1,,0,0.0,0,988.14996,,VIN9_NF_ALT
298.0,4357,28.418684,0.7730123,20.8,27.399999618530273,29.799999237060547,0.027200848,2.3999996185302734,2.368270616871726,0.00022951572182694515,28.341867,28.478842,24.1,,0,0.0,0,924.5167,,VIN9_NF_ALT
299.0,7865,28.299707,0.48172203,23.8,27.600000381469727,29.0,0.017022155,1.3999996185302734,1.995345687772462,0.00012714558169103624,28.275764,28.300201,24.650002,,0,0.0,0,984.31195,,VIN9_NF_ALT
300.0,5884,28.261251,0.5316828,26.0,27.399999618530273,29.0,0.018813137,1.6000003814697266,2.121869719685891,0.0,28.363106,28.256401,,,0,0.0,0,945.7645,,VIN9_NF_ALT
301.0,6910,28.312996,0.59763765,19.0,27.399999618530273,29.200000762939453,0.021108245,1.8000011444091797,2.1861898012156615,0.0002894356005788712,28.31015,28.32549,24.5,19.0,0,0.0,0,957.2401,,VIN9_NF_ALT
302.0,5637,28.217031,0.46625766,22.2,27.600000381469727,29.0,0.01652398,1.3999996185302734,1.9564743392712671,0.00017739932588256165,28.284504,28.213102,24.333334,,0,0.0,0,944.55554,,VIN9_NF_ALT
303.0,6842,28.267729,0.45857075,26.8,27.600000381469727,29.0,0.016222412,1.3999996185302734,1.9787876344796267,0.0,28.287037,28.286776,23.733332,18.6,0,0.0,0,966.4567,,VIN9_NF_ALT
304.0,704,28.370739,0.39223832,27.2,27.799999237060547,29.0,0.013825453,1.2000007629394531,1.8114433382916793,0.0,28.44361,28.331211,23.6,,0,0.0,0,798.148,,VIN9_NF_ALT
305.0,4991,28.288239,0.4512862,27.0,27.600000381469727,29.0,0.015953138,1.3999996185302734,1.9334096938875875,0.0,28.27143,28.276814,24.461538,,0,0.0,0,981.1581,,VIN9_NF_ALT
306.0,5976,28.298326,0.47230637,26.0,27.600000381469727,29.0,0.016690258,1.3999996185302734,1.9932635460268933,0.0,28.359766,28.286875,24.75,,0,0.0,0,936.7813,,VIN9_NF_ALT
307.0,6210,28.22744,0.4655648,21.4,27.600000381469727,29.0,0.016493341,1.3999996185302734,1.9463558348485825,0.00032206119162640903,28.344172,28.221199,,,0,0.0,0,967.5724,,VIN9_NF_ALT
308.0,5607,28.27858,0.43120715,20.6,27.600000381469727,29.0,0.015248544,1.3999996185302734,1.8622015893226302,0.00017834849295523454,28.272776,28.268549,24.6,,0,0.0,0,953.3245,,VIN9_NF_ALT
309.0,6433,28.253569,0.4829269,26.2,27.600000381469727,29.0,0.017092599,1.3999996185302734,2.015158942782817,0.0,28.33213,28.258408,23.55,,0,0.0,0,954.92346,,VIN9_NF_ALT
310.0,4212,28.20508,0.386992,25.0,27.600000381469727,28.799999237060547,0.013720649,1.1999988555908203,1.7490629281770473,0.0,28.201836,28.19662,,,0,0.0,0,963.89606,,VIN9_NF_ALT
311.0,7615,28.223349,0.44944713,20.6,27.600000381469727,29.0,0.015924657,1.3999996185302734,1.9102180938092446,0.000262639527248851,28.240322,28.204693,22.099998,19.8,0,0.0,0,947.54425,,VIN9_NF_ALT
312.0,6969,28.26262,0.45068392,26.6,27.600000381469727,29.0,0.01594629,1.3999996185302734,1.943147814052429,0.0,28.254015,28.258116,24.6,,0,0.0,0,971.12396,,VIN9_NF_ALT
313.0,7032,28.240387,0.4354851,26.4,27.600000381469727,29.0,0.015420649,1.3999996185302734,1.9231027798977927,0.0,28.22191,28.24231,,,0,0.0,0,975.52716,,VIN9_NF_ALT
314.0,6260,28.267508,0.44938597,20.0,27.600000381469727,29.0,0.015897615,1.3999996185302734,1.9222432410475079,0.0001597444089456869,28.305391,28.279137,23.4,19.6,0,0.0,0,976.6724,,VIN9_NF_ALT
315.0,5557,28.235882,0.42546824,21.4,27.600000381469727,29.0,0.015068353,1.3999996185302734,1.7544114196690688,0.00017995321216483713,28.27414,28.230856,24.130001,20.6,0,0.0,0,943.88995,,VIN9_NF_ALT
316.0,5486,28.20999,0.36283413,26.8,27.600000381469727,28.799999237060547,0.012861902,1.1999988555908203,1.7049888518464869,0.0,28.170357,28.229496,,,0,0.0,0,964.73535,,VIN9_NF_ALT
317.0,6192,28.25685,0.39994943,23.4,27.600000381469727,28.799999237060547,0.01415407,1.1999988555908203,1.8259893231190947,0.00016149870801033592,28.271051,28.243237,25.400002,,0,0.0,0,963.3122,,VIN9_NF_ALT
318.0,5765,28.376791,0.44035947,26.8,27.600000381469727,29.200000762939453,0.015518297,1.6000003814697266,1.910172773309235,0.0,28.396235,28.373835,24.0,,0,0.0,0,970.64813,,VIN9_NF_ALT
319.0,6690,28.304096,0.42133057,27.0,27.600000381469727,29.0,0.014885851,1.3999996185302734,1.8753866290467722,0.0,28.304018,28.320854,23.8,,0,0.0,0,958.21783,,VIN9_NF_ALT
320.0,5592,28.355402,0.43300533,20.6,27.600000381469727,29.0,0.015270647,1.3999996185302734,1.861480338124155,0.000178826895565093,28.342136,28.390259,,20.6,0,0.0,0,958.4394,,VIN9_NF_ALT
321.0,5512,28.345354,0.42302215,26.8,27.600000381469727,29.0,0.014923862,1.3999996185302734,1.8778581680125042,0.0,28.323303,28.339186,24.7,,0,0.0,0,973.9802,,VIN9_NF_ALT
322.0,7235,28.370504,0.42187646,26.8,27.799999237060547,29.0,0.014870249,1.2000007629394531,1.870693212707091,0.0,28.381298,28.373482,24.2,19.0,0,0.0,0,983.01996,,VIN9_NF_ALT
323.0,2225,28.344719,0.4437619,26.8,27.600000381469727,29.0,0.015655894,1.3999996185302734,1.9306068895192168,0.0,28.455498,28.465979,24.640001,19.0,0,0.0,0,902.5975,,VIN9_NF_ALT
335.0,3680,28.275652,0.38396025,27.0,27.600000381469727,28.799999237060547,0.013579183,1.1999988555908203,1.8009767214360384,0.0,28.35884,28.289913,24.4,,0,0.0,0,1020.2054,,VIN9_NF_ALT
336.0,7204,28.334785,0.41049036,27.0,27.600000381469727,29.0,0.014487153,1.3999996185302734,1.858164828309929,0.0,28.386972,28.332664,25.800001,,0,0.0,0,987.43286,,VIN9_NF_ALT
337.0,5914,28.285524,0.4282398,18.6,27.600000381469727,29.0,0.015139893,1.3999996185302734,1.850868330110536,0.00016909029421711193,28.32774,28.288185,24.666666,18.6,0,0.0,0,967.113,,VIN9_NF_ALT
338.0,7177,28.335127,0.397644,24.0,27.799999237060547,29.0,0.014033606,1.2000007629394531,1.8004341536241195,0.0,28.364033,28.332657,,,0,0.0,0,971.9284,,VIN9_NF_ALT
339.0,5431,28.305506,0.39927775,23.8,27.600000381469727,29.0,0.01410601,1.3999996185302734,1.7975790593413679,0.00018412815319462345,28.432531,28.30472,24.5,,0,0.0,0,969.83887,,VIN9_NF_ALT
340.0,7028,28.337849,0.37650734,27.0,27.799999237060547,29.0,0.013286377,1.2000007629394531,1.759621418109242,0.0,28.396301,28.341724,27.0,,0,0.0,0,961.6719,,VIN9_NF_ALT
341.0,6044,28.29454,0.38633358,27.0,27.600000381469727,29.0,0.013653997,1.3999996185302734,1.7836724649889333,0.0,28.420052,28.296516,,,0,0.0,0,979.7868,,VIN9_NF_ALT
342.0,6422,28.30299,0.3944172,27.0,27.600000381469727,29.0,0.0139355315,1.3999996185302734,1.8155615626205754,0.0,28.337881,28.295069,24.866667,,0,0.0,0,973.759,,VIN9_NF_ALT
343.0,5485,28.322151,0.40207306,27.0,27.600000381469727,29.0,0.014196416,1.3999996185302734,1.8169509268811594,0.0,28.321798,28.331533,24.6,,0,0.0,0,926.41516,,VIN9_NF_ALT
344.0,6438,28.320377,0.38038477,27.0,27.799999237060547,29.0,0.013431487,1.2000007629394531,1.7761372028898383,0.0,28.376059,28.328297,25.2,,0,0.0,0,966.2367,,VIN9_NF_ALT
345.0,6311,28.302202,0.37790802,24.2,27.799999237060547,29.0,0.013352601,1.2000007629394531,1.7529203872318138,0.0,28.458961,28.312334,25.0,,0,0.0,0,974.3346,,VIN9_NF_ALT
346.0,7382,28.353128,0.37707335,24.8,27.799999237060547,29.0,0.013299179,1.2000007629394531,1.7512265804087919,0.0,28.390465,28.33521,23.244444,18.6,0,0.0,0,942.1016,,VIN9_NF_ALT
347.0,5667,28.356907,0.4139973,27.0,27.799999237060547,29.0,0.014599523,1.2000007629394531,1.8583793531597317,0.0,28.431454,28.347631,24.5,,0,0.0,0,923.79504,,VIN9_NF_ALT
348.0,7908,28.342743,0.45172033,21.8,27.600000381469727,29.0,0.015937777,1.3999996185302734,1.9282789437326797,0.00012645422357106728,28.330095,28.382847,24.68,21.8,0,0.0,0,955.26587,,VIN9_NF_ALT
349.0,6305,28.380207,0.44962084,26.8,27.600000381469727,29.200000762939453,0.015842762,1.6000003814697266,1.9327178954102977,0.0,28.440704,28.393368,,,0,0.0,0,974.1086,,VIN9_NF_ALT
350.0,5647,28.481495,0.50900084,21.8,27.799999237060547,29.399999618530273,0.017871283,1.6000003814697266,2.0293951745718735,0.00017708517797060386,28.544216,28.445934,16.0,16.0,0,0.0,0,953.6226,,VIN9_NF_ALT
351.0,547,28.520292,0.47894254,27.2,27.799999237060547,29.200000762939453,0.016793044,1.4000015258789062,1.9371433750083675,0.0,28.495834,28.543749,25.666666,,0,0.0,0,806.5828,,VIN9_NF_ALT
359.0,1214,28.487644,0.46428472,27.2,27.799999237060547,29.200000762939453,0.016297758,1.4000015258789062,1.9420252843551424,0.0,28.494059,28.48833,,,0,0.0,0,892.7455,,VIN9_NF_ALT
360.0,4598,28.34515,0.58396506,26.0,27.600000381469727,29.399999618530273,0.02060194,1.7999992370605469,2.175870427028592,0.0,28.413645,28.412962,23.066666,,0,0.0,0,994.94116,,VIN9_NF_ALT
361.0,1015,28.443153,0.5358084,26.8,27.600000381469727,29.399999618530273,0.01883787,1.7999992370605469,2.1006657992074227,0.0,28.340477,28.521599,,,0,0.0,0,821.8035,,VIN9_NF_ALT
365.0,3256,28.586302,0.53663033,26.6,27.799999237060547,29.399999618530273,0.01877229,1.6000003814697266,2.1186649937485322,0.0,28.499083,28.601341,,,0,0.0,0,962.5866,,VIN9_NF_ALT
366.0,3777,28.472702,0.47654626,26.8,27.799999237060547,29.200000762939453,0.016736953,1.4000015258789062,1.9582896103732734,0.0,28.381754,28.472517,,,0,0.0,0,1064.6193,,VIN9_NF_ALT
368.0,5008,28.403555,0.4981084,27.0,27.600000381469727,29.399999618530273,0.017536832,1.7999992370605469,2.0318380816158927,0.0,28.52156,28.442915,24.5,,0,0.0,0,992.66223,,VIN9_NF_ALT
369.0,7956,28.455757,0.51443845,21.0,27.600000381469727,29.399999618530273,0.018078536,1.7999992370605469,2.0551299294698597,0.00012569130216189038,28.374693,28.474356,23.119999,16.8,0,0.0,0,1003.31366,,VIN9_NF_ALT
373.0,5650,28.302973,0.43201044,22.4,27.600000381469727,29.0,0.015263783,1.3999996185302734,1.8906998150145273,0.00017699115044247788,28.362377,28.345602,25.4,22.4,0,0.0,0,1021.7808,,VIN9_NF_ALT
374.0,6899,28.433222,0.48180363,27.0,27.600000381469727,29.200000762939453,0.016945094,1.6000003814697266,1.9988765533253803,0.0,28.580093,28.419044,,,0,0.0,0,978.80695,,VIN9_NF_ALT
375.0,6740,28.395283,0.45852625,27.0,27.600000381469727,29.200000762939453,0.016147973,1.6000003814697266,1.9548945509057953,0.0,28.487713,28.454325,20.6,20.6,0,0.0,0,989.3622,,VIN9_NF_ALT
376.0,667,28.645277,0.5629617,27.4,27.660000038146972,29.399999618530273,0.019652862,1.7399995803833015,2.153200933622396,0.0,28.716326,28.59307,25.8,,0,0.0,0,852.1765,,VIN9_NF_ALT
379.0,5814,28.461128,0.5035424,27.0,27.600000381469727,29.399999618530273,0.017692287,1.7999992370605469,2.0472664205380884,0.0,28.43908,28.483406,25.4,,0,0.0,0,993.3663,,VIN9_NF_ALT
380.0,6480,28.346882,0.45386595,26.6,27.600000381469727,29.200000762939453,0.016011141,1.6000003814697266,1.9381719760168963,0.0,28.375912,28.348585,22.533333,19.2,0,0.0,0,997.84906,,VIN9_NF_ALT
381.0,6390,28.460627,0.5009669,27.0,27.600000381469727,29.399999618530273,0.017602105,1.7999992370605469,2.037069670615661,0.0,28.624031,28.457893,,,0,0.0,0,973.8995,,VIN9_NF_ALT
382.0,791,28.481417,0.5055099,27.2,27.600000381469727,29.399999618530273,0.017748764,1.7999992370605469,2.0268773338259183,0.0,28.588928,28.320482,24.2,,0,0.0,0,801.2436,,VIN9_NF_ALT
384.0,6001,28.315815,0.48000512,21.0,27.600000381469727,29.200000762939453,0.016951839,1.6000003814697266,1.984615401405742,0.00016663889351774705,28.308609,28.377821,24.766668,21.0,0,0.0,0,1006.87317,,VIN9_NF_ALT
388.0,4308,28.3156,0.41734836,26.4,27.600000381469727,29.0,0.014739167,1.3999996185302734,1.8480694518060434,0.0,28.333912,28.301899,24.8,,0,0.0,0,1002.17523,,VIN9_NF_ALT
389.0,6610,28.421936,0.45359963,26.8,27.799999237060547,29.200000762939453,0.01595949,1.4000015258789062,1.933289229297122,0.0,28.502886,28.41162,23.266668,,0,0.0,0,968.6229,,VIN9_NF_ALT
390.0,6741,28.366741,0.45294017,22.4,27.600000381469727,29.200000762939453,0.015967296,1.6000003814697266,1.9296543207561927,0.0001483459427384661,28.531548,28.355053,25.3,22.4,0,0.0,0,942.2317,,VIN9_NF_ALT
391.0,6516,28.409237,0.46751148,18.4,27.799999237060547,29.200000762939453,0.016456319,1.4000015258789062,1.9246642558034677,0.0001534683855125844,28.50441,28.399738,24.7,18.4,0,0.0,0,962.72705,,VIN9_NF_ALT
392.0,7021,28.369434,0.45665085,18.6,27.600000381469727,29.200000762939453,0.016096579,1.6000003814697266,1.9114952038639381,0.0001424298532972511,28.438904,28.353983,25.25,18.6,0,0.0,0,1000.3768,,VIN9_NF_ALT
393.0,6990,28.39007,0.44562882,21.8,27.799999237060547,29.200000762939453,0.015696645,1.4000015258789062,1.9105899921528666,0.0001430615164520744,28.444271,28.394716,24.828571,21.8,0,0.0,0,962.9138,,VIN9_NF_ALT
394.0,6996,28.321297,0.45287213,19.2,27.600000381469727,29.0,0.015990516,1.3999996185302734,1.9174959400460125,0.0001429388221841052,28.415384,28.312523,24.4,19.2,0,0.0,0,977.88214,,VIN9_NF_ALT
395.0,7478,28.378576,0.4208629,27.0,27.799999237060547,29.0,0.014830304,1.2000007629394531,1.8652099076004542,0.0,28.413078,28.371702,22.3,20.0,0,0.0,0,975.8266,,VIN9_NF_ALT
396.0,6329,28.341509,0.4304883,26.8,27.600000381469727,29.0,0.015189322,1.3999996185302734,1.890267658518654,0.0,28.465546,28.381302,24.7,,0,0.0,0,1031.0875,,VIN9_NF_ALT
397.0,8772,28.37622,0.42330354,26.8,27.799999237060547,29.200000762939453,0.014917545,1.4000015258789062,1.8642180496442715,0.0,28.452148,28.39465,24.6,,0,0.0,0,1002.1444,,VIN9_NF_ALT
398.0,7105,28.366446,0.44073302,19.2,27.799999237060547,29.0,0.015537125,1.2000007629394531,1.8649451083472093,0.00028149190710767064,28.519121,28.355913,24.7,22.4,0,0.0,0,1013.2765,,VIN9_NF_ALT
399.0,7330,28.397844,0.454832,20.6,27.799999237060547,29.200000762939453,0.016016427,1.4000015258789062,1.902040986745667,0.00027285129604365623,28.461084,28.398392,23.2,16.8,0,0.0,0,959.9977,,VIN9_NF_ALT
400.0,6918,28.347124,0.42043674,22.8,27.600000381469727,29.0,0.014831725,1.3999996185302734,1.8591506667690552,0.00014455044810638914,28.380001,28.348627,25.84,,0,0.0,0,1004.0215,,VIN9_NF_ALT
401.0,7923,28.351433,0.40106383,27.0,27.799999237060547,29.0,0.014146158,1.2000007629394531,1.8262486494932988,0.0,28.415617,28.351683,24.779999,,0,0.0,0,1015.4836,,VIN9_NF_ALT
402.0,7493,28.350834,0.4076758,21.8,27.799999237060547,29.0,0.0143796755,1.2000007629394531,1.827433230132485,0.00013345789403443215,28.386862,28.359304,26.066666,,0,0.0,0,1005.12994,,VIN9_NF_ALT
403.0,6893,28.39527,0.41852865,20.4,27.799999237060547,29.0,0.014739379,1.2000007629394531,1.8314275566732345,0.0001450747134774409,28.542858,28.391266,23.200003,,0,0.0,0,1001.5782,,VIN9_NF_ALT
404.0,7379,28.372787,0.51423436,23.8,27.600000381469727,29.200000762939453,0.01812421,1.6000003814697266,2.035339314564947,0.0001355197181189863,28.419771,28.355858,25.4,,1,0.00011467889908256881,0,1025.572,,VIN9_NF_ALT
405.0,4681,28.423628,0.4419041,21.2,27.799999237060547,29.200000762939453,0.015547069,1.4000015258789062,1.8622986480285224,0.00021362956633198035,28.520285,28.439438,24.4,,0,0.0,0,939.8502,,VIN9_NF_ALT
407.0,4896,28.27406,0.44133365,20.2,27.600000381469727,29.0,0.015609137,1.3999996185302734,1.856025559250827,0.0006127450980392157,28.314215,28.250534,24.054546,20.6,0,0.0,0,925.9469,,VIN9_NF_ALT
408.0,2245,28.353943,0.44155657,27.0,27.600000381469727,29.200000762939453,0.015573022,1.6000003814697266,1.9158324441930719,0.0,28.623003,28.292606,25.0,,0,0.0,0,969.398,,VIN9_NF_ALT
409.0,7478,28.311527,0.41075978,25.8,27.600000381469727,29.0,0.01450857,1.3999996185302734,1.8463390800488633,0.0,28.35272,28.320154,,,0,0.0,0,1008.00616,,VIN9_NF_ALT
410.0,8709,28.298288,0.4090199,20.8,27.600000381469727,29.0,0.014453874,1.3999996185302734,1.804008507316541,0.00022964749110115972,28.336649,28.292048,25.016668,20.8,0,0.0,0,973.87164,,VIN9_NF_ALT
411.0,5859,28.326712,0.3929755,23.8,27.799999237060547,29.0,0.013872966,1.2000007629394531,1.7960316785545343,0.00017067759003242875,28.34338,28.339964,24.6,,0,0.0,0,1003.2411,,VIN9_NF_ALT
412.0,7158,28.33554,0.3945518,21.6,27.799999237060547,29.0,0.013924274,1.2000007629394531,1.7764673754970153,0.00013970382788488405,28.402582,28.327837,24.800001,21.6,0,0.0,0,983.49054,,VIN9_NF_ALT
413.0,6805,28.30501,0.4499721,19.6,27.600000381469727,29.0,0.01589726,1.3999996185302734,1.8314771657611826,0.0005878030859662013,28.41303,28.29943,24.890907,19.6,0,0.0,0,993.3562,,VIN9_NF_ALT
414.0,7798,28.33175,0.38583988,27.0,27.799999237060547,29.0,0.013618639,1.2000007629394531,1.7679098281690422,0.0,28.366444,28.341955,25.6,,0,0.0,0,987.82245,,VIN9_NF_ALT
415.0,5373,28.291754,0.42079344,24.6,27.600000381469727,29.0,0.01487336,1.3999996185302734,1.86592638496194,0.0,28.391273,28.30117,24.5,,0,0.0,0,984.1446,,VIN9_NF_ALT
416.0,5784,28.386375,0.4529776,27.0,27.799999237060547,29.200000762939453,0.015957572,1.4000015258789062,1.9364670255574779,0.0,28.498466,28.357506,24.8,,0,0.0,0,944.5278,,VIN9_NF_ALT
417.0,5499,28.307981,0.44839945,21.4,27.600000381469727,29.0,0.015840037,1.3999996185302734,1.9251900464910638,0.0001818512456810329,28.342964,28.301226,,,0,0.0,0,970.89435,,VIN9_NF_ALT
418.0,6396,28.636929,0.813102,23.6,27.399999618530273,30.0,0.028393479,2.6000003814697266,2.5145801898041285,0.00015634771732332708,28.62812,28.60337,24.0,,0,0.0,0,948.8449,,VIN9_NF_ALT
419.0,5959,28.392347,0.5780898,20.6,27.600000381469727,29.399999618530273,0.02036076,1.7999992370605469,2.177965732631098,0.0001678133915086424,28.52139,28.376724,23.65,20.6,0,0.0,0,972.379,,VIN9_NF_ALT
420.0,6387,28.526226,0.834163,18.4,27.200000762939453,30.0,0.029241968,2.799999237060547,2.52671487238363,0.0004697040864255519,28.481924,28.481579,23.076923,18.4,0,0.0,0,939.7393,,VIN9_NF_ALT
421.0,6041,28.559875,0.85358936,20.4,27.600000381469727,30.399999618530273,0.029887713,2.799999237060547,2.4519262304229827,0.00016553550736633007,28.55826,28.682291,23.833334,20.4,0,0.0,0,954.26733,,VIN9_NF_ALT
422.0,5765,28.386227,0.5096682,23.0,27.600000381469727,29.200000762939453,0.01795477,1.6000003814697266,2.043948969388147,0.00017346053772766696,28.419598,28.379084,22.8,,0,0.0,0,948.00104,,VIN9_NF_ALT
423.0,6058,28.427301,0.6046548,20.2,27.600000381469727,29.600000381469727,0.021270214,2.0,2.2174645595632074,0.0003301419610432486,28.422623,28.484484,21.0,17.6,0,0.0,0,954.41656,,VIN9_NF_ALT
424.0,6226,28.488308,0.6836294,25.8,27.600000381469727,29.799999237060547,0.023996841,2.1999988555908203,2.3236685981216114,0.0,28.466589,28.539171,22.6,,0,0.0,0,933.14215,,VIN9_NF_ALT
425.0,742,28.514286,0.45904994,27.2,27.799999237060547,29.200000762939453,0.016098946,1.4000015258789062,1.9196052271148645,0.0,28.4625,28.552687,23.6,,0,0.0,0,804.2467,,VIN9_NF_ALT
429.0,5199,28.328447,0.45011702,25.2,27.600000381469727,29.020000076293837,0.015889224,1.41999969482411,1.9266164854837757,0.0,28.413862,28.32879,24.2,,0,0.0,0,960.1407,,VIN9_NF_ALT
430.0,5984,28.507452,0.6270502,26.0,27.600000381469727,29.600000381469727,0.02199601,2.0,2.2719622403840734,0.0,28.4854,28.473246,23.461538,19.6,0,0.0,0,957.57837,,VIN9_NF_ALT
431.0,6139,28.44802,0.6618599,26.6,27.600000381469727,29.600000381469727,0.023265587,2.0,2.2941826600450064,0.0,28.464565,28.461964,22.863157,19.0,0,0.0,0,940.2195,,VIN9_NF_ALT
432.0,5799,28.408588,0.5614026,23.0,27.600000381469727,29.399999618530273,0.019761723,1.7999992370605469,2.1422327548770363,0.0001724435247456458,28.4575,28.390415,24.02857,,0,0.0,0,947.8633,,VIN9_NF_ALT
433.0,5719,28.267704,0.49670914,19.6,27.600000381469727,29.0,0.017571613,1.3999996185302734,2.008365576760622,0.0003497114880223815,28.336508,28.252478,,,0,0.0,0,960.7766,,VIN9_NF_ALT
434.0,3180,28.671698,0.7871836,20.0,27.600000381469727,30.0,0.027455075,2.3999996185302734,2.475287149455152,0.0006289308176100629,28.479849,28.758787,24.0,,0,0.0,0,892.53284,,VIN9_NF_ALT
435.0,8352,28.279285,0.53527653,20.4,27.600000381469727,29.200000762939453,0.01892822,1.6000003814697266,2.0874501106302716,0.00011973180076628352,28.3696,28.248959,23.84,20.4,0,0.0,0,962.8938,,VIN9_NF_ALT
436.0,6038,28.285923,0.39160973,23.8,27.600000381469727,29.0,0.013844687,1.3999996185302734,1.7982846912781354,0.00016561775422325274,28.310638,28.287611,22.75,19.2,0,0.0,0,929.6058,,VIN9_NF_ALT
437.0,5617,28.235214,0.39446726,27.0,27.600000381469727,28.799999237060547,0.013970755,1.1999988555908203,1.796724628662162,0.0,28.26548,28.247896,24.2,,0,0.0,0,947.3041,,VIN9_NF_ALT
438.0,240,28.369167,0.84371126,19.8,27.600000381469727,29.200000762939453,0.02974043,1.6000003814697266,1.9476142030810433,0.008333333333333333,28.430357,,,19.8,0,0.0,0,609.4553,,VIN9_NF_ALT
439.0,5130,28.309511,0.40255463,24.8,27.600000381469727,29.0,0.0142197665,1.3999996185302734,1.8263940974418253,0.0,28.393103,28.288502,24.0,,0,0.0,0,953.26794,,VIN9_NF_ALT
440.0,5515,28.269884,0.4088403,19.4,27.600000381469727,29.0,0.0144620435,1.3999996185302734,1.7979950852358701,0.00018132366273798732,28.389181,28.263313,,,0,0.0,0,935.7615,,VIN9_NF_ALT
441.0,5611,28.341614,0.39862347,21.4,27.799999237060547,29.0,0.014064953,1.2000007629394531,1.7885061503938007,0.00017822135091783995,28.347029,28.328096,24.2,21.4,0,0.0,0,948.1592,,VIN9_NF_ALT
442.0,6022,28.26795,0.4353951,26.8,27.600000381469727,29.0,0.015402429,1.3999996185302734,1.9283953212296328,0.0,28.343098,28.232029,24.866667,,0,0.0,0,933.56683,,VIN9_NF_ALT
443.0,7021,28.316195,0.4053574,27.0,27.600000381469727,29.0,0.014315391,1.3999996185302734,1.8354696471754546,0.0,28.351568,28.306808,25.2,,0,0.0,0,956.637,,VIN9_NF_ALT
444.0,6643,28.279482,0.4406944,26.8,27.600000381469727,29.0,0.015583538,1.3999996185302734,1.9260193384522422,0.0,28.323849,28.247274,,,0,0.0,0,939.10626,,VIN9_NF_ALT
445.0,6300,28.485332,0.6471603,20.4,27.600000381469727,29.600000381469727,0.02271907,2.0,2.2834216704137194,0.00015873015873015873,28.449327,28.480572,23.966667,20.4,0,0.0,0,939.6186,,VIN9_NF_ALT
446.0,6266,28.444494,0.6910573,25.8,27.399999618530273,29.600000381469727,0.02429494,2.200000762939453,2.373143347570692,0.0,28.481298,28.443918,23.5,,0,0.0,0,923.9462,,VIN9_NF_ALT
447.0,4890,28.395664,0.60283434,26.4,27.399999618530273,29.399999618530273,0.021229802,2.0,2.2212382346811843,0.0,28.358957,28.421906,,,0,0.0,0,940.79834,,VIN9_NF_ALT
448.0,6852,28.362375,0.60897064,23.0,27.399999618530273,29.399999618530273,0.021471074,2.0,2.236014621861134,0.00014594279042615295,28.365131,28.345148,,,0,0.0,0,954.6464,,VIN9_NF_ALT
449.0,6052,28.39491,0.6013486,21.2,27.399999618530273,29.399999618530273,0.02117804,2.0,2.202427971475586,0.00033046926635822867,28.477034,28.357983,23.199999,,0,0.0,0,945.6009,,VIN9_NF_ALT
450.0,6039,28.304487,0.5758454,25.2,27.399999618530273,29.399999618530273,0.020344669,2.0,2.182522431142874,0.0,28.261354,28.316875,24.0,,0,0.0,0,935.05597,,VIN9_NF_ALT
451.0,5944,28.407673,0.56481177,26.2,27.600000381469727,29.399999618530273,0.019882366,1.7999992370605469,2.1613753920508967,0.0,28.357924,28.415617,,,0,0.0,0,934.05286,,VIN9_NF_ALT
452.0,5952,28.285248,0.48914015,25.0,27.600000381469727,29.200000762939453,0.01729312,1.6000003814697266,1.9878563753622807,0.0,28.487059,28.281054,17.3,20.0,0,0.0,0,958.3484,,VIN9_NF_ALT
453.0,5966,28.395742,0.45561627,26.6,27.799999237060547,29.200000762939453,0.016045231,1.4000015258789062,1.9363285439682838,0.0,28.383764,28.374205,20.133333,18.6,0,0.0,0,936.571,,VIN9_NF_ALT
454.0,6505,28.380047,0.49546683,21.8,27.600000381469727,29.200000762939453,0.01745828,1.6000003814697266,2.0025594702705245,0.00030745580322828596,28.386902,28.372938,,,0,0.0,0,960.1287,,VIN9_NF_ALT
455.0,5833,28.368523,0.50753933,18.8,27.600000381469727,29.200000762939453,0.017890932,1.6000003814697266,2.000167697884556,0.0003428767358134751,28.368147,28.353285,24.6,,0,0.0,0,946.54004,,VIN9_NF_ALT
456.0,5352,28.303774,0.40007558,27.0,27.600000381469727,29.0,0.014135062,1.3999996185302734,1.822526200875723,0.0,28.311983,28.306849,24.5,,0,0.0,0,950.5598,,VIN9_NF_ALT
457.0,5493,28.326197,0.41584602,21.4,27.799999237060547,29.0,0.014680617,1.2000007629394531,1.8127696219833238,0.0001820498816675769,28.352507,28.313898,20.8,20.8,0,0.0,0,940.56036,,VIN9_NF_ALT
458.0,4853,28.232845,0.3565904,26.8,27.600000381469727,28.799999237060547,0.012630339,1.1999988555908203,1.706480386459357,0.0,28.268148,28.233816,24.066666,,0,0.0,0,938.792,,VIN9_NF_ALT
459.0,6451,28.251186,0.3290433,27.0,27.799999237060547,28.799999237060547,0.011647061,1.0,1.6043465789706068,0.0,28.229033,28.256784,24.5,,0,0.0,0,964.85614,,VIN9_NF_ALT
460.0,1285,28.187859,0.36758313,21.8,27.799999237060547,28.600000381469727,0.013040477,0.8000011444091797,1.4688192169128507,0.0015564202334630351,28.12659,28.19936,25.133333,25.8,0,0.0,0,922.5873,,VIN9_NF_ALT
461.0,5720,28.199055,0.31844696,27.0,27.600000381469727,28.799999237060547,0.0112928245,1.1999988555908203,1.5655797963085145,0.0,28.180685,28.181995,24.2,,0,0.0,0,958.08716,,VIN9_NF_ALT
462.0,9032,28.218002,0.34670934,27.0,27.600000381469727,28.799999237060547,0.012286814,1.1999988555908203,1.672535169079107,0.0,28.224218,28.218464,24.25,,0,0.0,0,964.82007,,VIN9_NF_ALT
463.0,5293,28.247875,0.4568262,20.6,27.600000381469727,29.0,0.016172055,1.3999996185302734,1.9390575144052844,0.0001889287738522577,28.257616,28.24067,24.5,,0,0.0,0,950.43567,,VIN9_NF_ALT
464.0,5063,28.177643,0.4388369,26.4,27.600000381469727,28.799999237060547,0.015573939,1.1999988555908203,1.9217134417492334,0.0,28.173487,28.165363,23.066666,,0,0.0,0,929.85846,,VIN9_NF_ALT
465.0,3270,28.288195,0.64217156,18.8,27.399999618530273,29.200000762939453,0.022701044,1.8000011444091797,2.209657251436681,0.0012232415902140672,28.176723,28.316605,22.566666,18.8,0,0.0,0,896.34546,,VIN9_NF_ALT
466.0,7873,28.210592,0.4618852,26.4,27.399999618530273,29.0,0.016372759,1.6000003814697266,1.9833528118841925,0.0,28.202852,28.219631,23.599998,,0,0.0,0,962.44336,,VIN9_NF_ALT
467.0,5729,28.358423,0.5903283,21.6,27.399999618530273,29.399999618530273,0.020816682,2.0,2.1761546518849997,0.0005236515971373713,28.370014,28.353796,24.4,21.6,0,0.0,0,948.35693,,VIN9_NF_ALT
468.0,2834,28.332111,0.49593404,26.4,27.600000381469727,29.200000762939453,0.017504308,1.6000003814697266,2.012020269414142,0.0,28.367765,28.311718,22.4,,0,0.0,0,898.2926,,VIN9_NF_ALT
469.0,8955,28.25771,0.51370484,23.6,27.399999618530273,29.200000762939453,0.01817928,1.8000011444091797,2.07184050245242,0.00011166945840312674,28.239498,28.263588,23.694284,,0,0.0,0,952.7413,,VIN9_NF_ALT
470.0,3514,28.298746,0.52181953,23.8,27.399999618530273,29.200000762939453,0.01843967,1.8000011444091797,2.0719879588549674,0.0002845759817871372,28.390978,28.280739,24.044443,,0,0.0,0,930.45917,,VIN9_NF_ALT
471.0,7915,28.20816,0.45539927,22.8,27.5400001525879,28.799999237060547,0.016144238,1.2599990844726463,1.960628030535534,0.00012634238787113077,28.267517,28.195114,23.6,,0,0.0,0,956.4063,,VIN9_NF_ALT
472.0,3400,28.298412,0.4992938,26.8,27.600000381469727,29.200000762939453,0.01764388,1.6000003814697266,2.053646234102977,0.0,28.31371,28.312654,22.4,,0,0.0,0,928.78015,,VIN9_NF_ALT
473.0,7755,28.21037,0.52378637,26.4,27.399999618530273,29.200000762939453,0.018567158,1.8000011444091797,2.07906999439575,0.0,28.207312,28.214352,24.144445,,0,0.0,0,953.1757,,VIN9_NF_ALT
474.0,4961,28.18234,0.4025256,25.8,27.600000381469727,28.799999237060547,0.014282902,1.1999988555908203,1.8377345296690741,0.0,28.206726,28.16748,24.08,,0,0.0,0,951.39954,,VIN9_NF_ALT
475.0,5529,28.18987,0.39422223,20.2,27.600000381469727,28.799999237060547,0.013984535,1.1999988555908203,1.76720842248485,0.00018086453246518358,28.262547,28.154797,25.0,20.2,0,0.0,0,926.53815,,VIN9_NF_ALT
476.0,3930,28.185549,0.41178215,20.6,27.600000381469727,28.799999237060547,0.014609691,1.1999988555908203,1.8175532755771757,0.0002544529262086514,28.174025,28.209839,24.4,,0,0.0,0,945.9463,,VIN9_NF_ALT
477.0,6186,28.165083,0.36618108,26.6,27.600000381469727,28.799999237060547,0.013001243,1.1999988555908203,1.7330823945340528,0.0,28.238255,28.170181,24.2,,0,0.0,0,956.4367,,VIN9_NF_ALT
478.0,5893,28.18001,0.34914434,23.0,27.600000381469727,28.799999237060547,0.0123897875,1.1999988555908203,1.658068878146766,0.00016969285593076533,28.177603,28.178087,23.533333,,0,0.0,0,991.8068,,VIN9_NF_ALT
479.0,4541,28.202114,0.34436294,27.0,27.600000381469727,28.799999237060547,0.012210537,1.1999988555908203,1.6559252803496376,0.0,28.246098,28.184572,24.0,,0,0.0,0,933.71814,,VIN9_NF_ALT
480.0,4735,28.183653,0.3637268,23.4,27.600000381469727,28.799999237060547,0.012905595,1.1999988555908203,1.6979592460754522,0.00042238648363252375,28.214592,28.166407,23.8,,0,0.0,0,886.2599,,VIN9_NF_ALT
481.0,7336,28.149345,0.35077807,26.6,27.600000381469727,28.799999237060547,0.012461322,1.1999988555908203,1.6821177248035242,0.0,28.184893,28.135881,23.95,,0,0.0,0,954.6479,,VIN9_NF_ALT
482.0,5037,28.14731,0.3467242,20.6,27.600000381469727,28.600000381469727,0.0123182,1.0,1.6079656553841992,0.0001985308715505261,28.109064,28.1583,24.6,20.6,0,0.0,0,959.44995,,VIN9_NF_ALT
483.0,4920,28.172562,0.37831435,20.0,27.600000381469727,28.799999237060547,0.013428468,1.1999988555908203,1.6285903342006414,0.0006097560975609756,28.17376,28.157568,24.400002,20.8,0,0.0,0,921.90924,,VIN9_NF_ALT
484.0,5685,28.278347,0.61036444,19.6,27.399999618530273,29.399999618530273,0.021584162,2.0,2.234111163894751,0.00017590149516270889,28.318918,28.233652,21.466667,19.6,0,0.0,0,941.54193,,VIN9_NF_ALT
485.0,6321,28.245722,0.47764367,23.4,27.600000381469727,29.0,0.016910302,1.3999996185302734,1.996368722064234,0.00015820281601012498,28.264406,28.228275,24.2,,0,0.0,0,944.07825,,VIN9_NF_ALT
486.0,9596,28.185305,0.42827237,20.2,27.600000381469727,28.799999237060547,0.015194882,1.1999988555908203,1.8645267680808277,0.00020842017507294707,28.232592,28.176823,24.32,20.2,0,0.0,0,954.51917,,VIN9_NF_ALT
487.0,5093,28.293776,0.48485562,19.8,27.600000381469727,29.200000762939453,0.017136477,1.6000003814697266,1.9857335961977123,0.00019634792852935403,28.24862,28.36079,24.316002,19.8,0,0.0,0,889.0699,,VIN9_NF_ALT
488.0,8305,28.212547,0.42744434,22.0,27.600000381469727,28.799999237060547,0.015150859,1.1999988555908203,1.8681280340651787,0.00012040939193257074,28.215063,28.220924,22.7,22.0,0,0.0,0,954.4797,,VIN9_NF_ALT
489.0,10315,28.19808,0.3629007,26.8,27.600000381469727,28.799999237060547,0.012869695,1.1999988555908203,1.721994845179988,0.0,28.234375,28.19227,24.066668,,0,0.0,0,972.6133,,VIN9_NF_ALT
490.0,9733,28.200535,0.3964388,27.0,27.600000381469727,28.799999237060547,0.014057847,1.1999988555908203,1.8172820884919638,0.0,28.243681,28.206108,,,0,0.0,0,962.9177,,VIN9_NF_ALT
491.0,7439,28.167334,0.3109766,27.0,27.600000381469727,28.600000381469727,0.011040328,1.0,1.5198684724278098,0.0,28.13732,28.15747,,,0,0.0,0,953.3592,,VIN9_NF_ALT
492.0,8532,28.260454,0.49408856,21.4,27.600000381469727,29.200000762939453,0.01748339,1.6000003814697266,1.9885363514627232,0.00011720581340834506,28.18806,28.31117,23.3,21.4,0,0.0,0,972.33453,,VIN9_NF_ALT
493.0,7371,28.241623,0.45425028,26.6,27.600000381469727,29.0,0.016084425,1.3999996185302734,1.9433951719331148,0.0,28.159885,28.218966,24.2,,0,0.0,0,948.15936,,VIN9_NF_ALT
494.0,8996,28.170677,0.36600155,21.4,27.600000381469727,28.799999237060547,0.012992288,1.1999988555908203,1.7170944178112617,0.00011116051578479324,28.134684,28.176922,23.9,21.4,0,0.0,0,976.21674,,VIN9_NF_ALT
495.0,10312,28.22822,0.3924103,26.6,27.600000381469727,28.799999237060547,0.013901348,1.1999988555908203,1.8105342902826649,0.0,28.206764,28.237251,24.083334,,0,0.0,0,966.0795,,VIN9_NF_ALT
496.0,9649,28.205471,0.31966233,26.2,27.600000381469727,28.799999237060547,0.0113333445,1.1999988555908203,1.576183629839981,0.0,28.20078,28.20432,,,0,0.0,0,1005.79376,,VIN9_NF_ALT
497.0,9806,28.188335,0.32638603,26.8,27.600000381469727,28.799999237060547,0.011578762,1.1999988555908203,1.585085993929291,0.0,28.213715,28.176918,24.292307,,0,0.0,0,962.08496,,VIN9_NF_ALT
498.0,6917,28.176493,0.34195238,26.2,27.600000381469727,28.799999237060547,0.012136088,1.1999988555908203,1.6586541292960042,0.0,28.171919,28.19447,25.145454,,0,0.0,0,976.09216,,VIN9_NF_ALT
499.0,8153,28.14223,0.34675536,25.0,27.600000381469727,28.600000381469727,0.012321531,1.0,1.657433613536512,0.0,28.081276,28.13929,23.833334,,0,0.0,0,968.1431,,VIN9_NF_ALT
500.0,9972,28.181828,0.3235775,26.8,27.600000381469727,28.600000381469727,0.011481778,1.0,1.586852604161149,0.0,28.164583,28.185537,24.0,,0,0.0,0,1003.2782,,VIN9_NF_ALT
501.0,9060,28.179913,0.33299348,20.6,27.600000381469727,28.799999237060547,0.011816696,1.1999988555908203,1.5787582994268976,0.00011037527593818985,28.175272,28.18183,22.4,19.2,0,0.0,0,990.89307,,VIN9_NF_ALT
502.0,10685,28.175276,0.3364964,20.4,27.600000381469727,28.799999237060547,0.011942968,1.1999988555908203,1.5939276499963189,9.358914365933551e-05,28.147427,28.171986,24.64,20.4,0,0.0,0,1009.6289,,VIN9_NF_ALT
503.0,9051,28.163982,0.3245019,26.8,27.600000381469727,28.600000381469727,0.011521876,1.0,1.5873533014216832,0.0,28.181913,28.152718,24.35,,0,0.0,0,978.44824,,VIN9_NF_ALT
504.0,9441,28.14541,0.3330623,19.6,27.600000381469727,28.600000381469727,0.011833627,1.0,1.5730289374162691,0.00010592098294672174,28.13544,28.151188,24.4,19.6,0,0.0,0,989.8577,,VIN9_NF_ALT
505.0,9095,28.141396,0.30800563,27.0,27.600000381469727,28.600000381469727,0.010944931,1.0,1.5137370360066364,0.0,28.091845,28.15119,24.666666,,0,0.0,0,1001.3401,,VIN9_NF_ALT
506.0,10387,28.151825,0.30138862,25.4,27.600000381469727,28.600000381469727,0.010705829,1.0,1.4912919915216714,0.0,28.141766,28.14266,24.0,,0,0.0,0,1014.62146,,VIN9_NF_ALT
507.0,9455,28.153887,0.30695605,26.8,27.600000381469727,28.600000381469727,0.010902795,1.0,1.5139474536246211,0.0,28.103966,28.156513,25.8,,0,0.0,0,989.1885,,VIN9_NF_ALT
508.0,9435,28.137024,0.2968242,27.2,27.600000381469727,28.600000381469727,0.010549239,1.0,1.4722628469263734,0.0,28.108051,28.141714,,,0,0.0,0,1011.3369,,VIN9_NF_ALT
509.0,9138,28.146225,0.29967976,25.8,27.600000381469727,28.600000381469727,0.010647245,1.0,1.4818980210119295,0.0,28.108637,28.153278,24.6,25.6,0,0.0,0,994.53754,,VIN9_NF_ALT
510.0,8889,28.18812,0.31070492,25.4,27.600000381469727,28.600000381469727,0.011022548,1.0,1.526798288973681,0.0,28.234713,28.176035,24.6,,0,0.0,0,979.86646,,VIN9_NF_ALT
511.0,10080,28.156765,0.30037165,24.2,27.600000381469727,28.600000381469727,0.010667833,1.0,1.4796473042223999,0.0,28.138212,28.153215,,,0,0.0,0,1003.8529,,VIN9_NF_ALT
512.0,9761,28.144903,0.29118353,27.0,27.600000381469727,28.600000381469727,0.010345871,1.0,1.447397063214129,0.0,28.15405,28.145485,,,0,0.0,0,1012.65784,,VIN9_NF_ALT
513.0,9232,28.144995,0.28951064,27.0,27.600000381469727,28.600000381469727,0.010286399,1.0,1.441998541788794,0.0,28.116392,28.147028,,,0,0.0,0,994.2473,,VIN9_NF_ALT
514.0,9255,28.117062,0.285538,26.8,27.600000381469727,28.600000381469727,0.010155329,1.0,1.4216465782369194,0.0,28.141869,28.114243,25.3,,0,0.0,0,1013.929,,VIN9_NF_ALT
515.0,9426,28.15228,0.30954,21.8,27.600000381469727,28.600000381469727,0.010995202,1.0,1.4679814789917072,0.0002121790791427965,28.086817,28.161022,24.7,,0,0.0,0,983.32495,,VIN9_NF_ALT
516.0,9670,28.14176,0.29935613,27.0,27.600000381469727,28.600000381469727,0.010637435,1.0,1.4813053535898744,0.0,28.13814,28.137676,19.8,,0,0.0,0,1015.37695,,VIN9_NF_ALT
517.0,9438,28.171242,0.2840383,22.4,27.799999237060547,28.600000381469727,0.010082562,0.8000011444091797,1.3909354620638132,0.00010595465140919687,28.132704,28.182095,24.6,22.4,0,0.0,0,1004.84436,,VIN9_NF_ALT
518.0,9472,28.16115,0.29201588,20.0,27.600000381469727,28.600000381469727,0.010369458,1.0,1.397256539848697,0.00010557432432432433,28.150589,28.157726,24.6,20.0,0,0.0,0,1027.5997,,VIN9_NF_ALT
519.0,9003,28.155148,0.29333282,21.8,27.600000381469727,28.600000381469727,0.010418444,1.0,1.421649350896744,0.00011107408641563923,28.146877,28.15486,24.6,21.8,0,0.0,0,976.9476,,VIN9_NF_ALT
520.0,8266,28.17094,0.28805214,20.8,27.799999237060547,28.600000381469727,0.010225152,0.8000011444091797,1.3884488672100914,0.00012097749818533752,28.146988,28.179684,,,0,0.0,0,984.0581,,VIN9_NF_ALT
521.0,4377,28.151154,0.35508737,19.4,27.799999237060547,28.600000381469727,0.012613599,0.8000011444091797,1.4007098914605602,0.0009138679460817912,28.138086,28.132982,24.666666,20.6,0,0.0,0,951.2708,,VIN9_NF_ALT
522.0,5363,28.136677,0.29465455,26.4,27.600000381469727,28.600000381469727,0.010472259,1.0,1.463752853300063,0.0,28.138062,28.12786,24.08,20.2,0,0.0,0,950.6043,,VIN9_NF_ALT
523.0,4641,28.180004,0.3786502,24.0,27.600000381469727,28.799999237060547,0.013436839,1.1999988555908203,1.7261644352199939,0.0,28.20594,28.181147,24.2,,0,0.0,0,974.5096,,VIN9_NF_ALT
524.0,4968,28.142511,0.36599508,19.6,27.600000381469727,28.600000381469727,0.013005061,1.0,1.6420842059968024,0.00040257648953301127,28.154058,28.14511,,,0,0.0,0,942.03986,,VIN9_NF_ALT
525.0,6047,28.146585,0.385888,21.0,27.600000381469727,28.799999237060547,0.01370994,1.1999988555908203,1.7492103106658805,0.000165371258475277,28.1472,28.127827,23.815386,14.6,0,0.0,0,974.0954,,VIN9_NF_ALT
526.0,5145,28.16175,0.35542682,24.2,27.600000381469727,28.799999237060547,0.012620906,1.1999988555908203,1.6802299222638486,0.0,28.171259,28.14638,25.2,,0,0.0,0,973.3892,,VIN9_NF_ALT
527.0,5964,28.187828,0.4638385,26.2,27.399999618530273,29.0,0.016455276,1.6000003814697266,1.9451508901743577,0.0,28.100742,28.181068,24.2,,0,0.0,0,968.6423,,VIN9_NF_ALT
528.0,5532,28.177078,0.36919278,26.4,27.600000381469727,28.799999237060547,0.013102593,1.1999988555908203,1.7505326382216262,0.0,28.253853,28.160862,19.55,13.2,0,0.0,0,962.3866,,VIN9_NF_ALT
529.0,5777,28.205782,0.43590713,21.2,27.600000381469727,28.799999237060547,0.015454531,1.1999988555908203,1.8957150876703586,0.00017310022503029253,28.138643,28.22241,22.15,17.4,0,0.0,0,951.63885,,VIN9_NF_ALT
530.0,4662,28.146074,0.36568168,20.2,27.600000381469727,28.799999237060547,0.01299228,1.1999988555908203,1.6646358815653926,0.0002145002145002145,28.060646,28.151278,24.0,20.2,0,0.0,0,965.82184,,VIN9_NF_ALT
531.0,1315,28.090647,0.34189352,27.0,27.600000381469727,28.600000381469727,0.01217108,1.0,1.6524883101746557,0.0,28.097704,28.059113,25.4,,0,0.0,0,913.4444,,VIN9_NF_ALT
532.0,2056,28.29076,0.48316896,26.8,27.600000381469727,29.0,0.017078685,1.3999996185302734,2.010330719986293,0.0,28.362791,28.301096,,,0,0.0,0,1040.2183,,VIN9_NF_ALT
533.0,7903,28.274021,0.42640284,26.4,27.600000381469727,29.0,0.0150810825,1.3999996185302734,1.8933014242896542,0.0,28.250889,28.261858,24.6,,0,0.0,0,1018.4283,,VIN9_NF_ALT
534.0,6232,28.23973,0.4897149,26.4,27.399999618530273,29.0,0.017341344,1.6000003814697266,2.046602345575078,0.0,28.1765,28.241257,23.8,,0,0.0,0,1000.9482,,VIN9_NF_ALT
535.0,5233,28.276936,0.5108805,26.2,27.399999618530273,29.0,0.018067038,1.6000003814697266,2.059384701671624,0.0,28.264078,28.269861,23.900002,,0,0.0,0,956.5816,,VIN9_NF_ALT
536.0,6807,28.276745,0.6363359,22.0,27.399999618530273,29.399999618530273,0.02250386,2.0,2.275037574419745,0.00029381519024533566,28.178625,28.288662,23.2,,0,0.0,0,958.15906,,VIN9_NF_ALT
537.0,6837,28.261518,0.5630838,25.0,27.399999618530273,29.200000762939453,0.019924046,1.8000011444091797,2.1834603592115247,0.0,28.148907,28.276358,,,0,0.0,0,960.23145,,VIN9_NF_ALT
538.0,7764,28.258785,0.49240148,21.4,27.600000381469727,29.0,0.017424721,1.3999996185302734,2.0133122405911577,0.0003863987635239567,28.275724,28.259064,23.800001,22.0,0,0.0,0,983.65094,,VIN9_NF_ALT
539.0,7579,28.231297,0.45481154,26.4,27.600000381469727,29.0,0.01611019,1.3999996185302734,1.9699804688511364,0.0,28.187338,28.239271,23.90909,,0,0.0,0,965.9475,,VIN9_NF_ALT
540.0,7081,28.254004,0.52327585,19.8,27.399999618530273,29.0,0.018520415,1.6000003814697266,2.0792833084359614,0.00028244598220590313,28.33826,28.26496,22.8,22.0,0,0.0,0,986.37085,,VIN9_NF_ALT
541.0,7484,28.304705,0.57550734,19.6,27.399999618530273,29.200000762939453,0.02033257,1.8000011444091797,2.1609880564433332,0.00013361838588989844,28.291025,28.295359,22.2,,0,0.0,0,989.58954,,VIN9_NF_ALT
542.0,5773,28.276909,0.56941146,19.4,27.399999618530273,29.200000762939453,0.020136977,1.8000011444091797,2.150381628021993,0.00034644032565390613,28.24788,28.271925,22.1,18.8,0,0.0,0,949.86005,,VIN9_NF_ALT
543.0,551,28.2196,0.41575408,27.0,27.600000381469727,28.799999237060547,0.0147328125,1.1999988555908203,1.8961596099774742,0.0,28.248085,28.217203,,,0,0.0,0,741.60583,,VIN9_NF_ALT
544.0,6857,28.324863,0.60633695,19.4,27.399999618530273,29.200000762939453,0.021406528,1.8000011444091797,2.196344614139557,0.00029167274318214965,28.341621,28.323957,23.466667,19.4,0,0.0,0,986.82367,,VIN9_NF_ALT
545.0,11505,28.32419,0.5860097,21.8,27.399999618530273,29.200000762939453,0.020689372,1.8000011444091797,2.2037023015918757,8.69187309865276e-05,28.298492,28.35814,23.733332,,0,0.0,0,992.4913,,VIN9_NF_ALT
546.0,10059,28.297327,0.51885486,24.2,27.399999618530273,29.200000762939453,0.018335825,1.8000011444091797,2.0757022610702447,0.0,28.193802,28.314575,22.575,,0,0.0,0,992.8025,,VIN9_NF_ALT
547.0,9967,28.273262,0.5238123,19.8,27.399999618530273,29.200000762939453,0.018526772,1.8000011444091797,2.0732736682616197,0.00020066218521119696,28.294064,28.264194,22.85,19.4,0,0.0,0,960.3974,,VIN9_NF_ALT
548.0,6466,28.279493,0.5661256,20.0,27.399999618530273,29.200000762939453,0.020018943,1.8000011444091797,2.1452746277382944,0.00046396535725332506,28.191097,28.30562,23.457142,20.0,0,0.0,0,976.1665,,VIN9_NF_ALT
549.0,3780,28.241798,0.5255966,26.4,27.399999618530273,29.0,0.018610593,1.6000003814697266,2.102478293184971,0.0,28.257614,28.242119,,,0,0.0,0,1001.79596,,VIN9_NF_ALT
550.0,8671,28.259739,0.53603,21.6,27.399999618530273,29.200000762939453,0.018967975,1.8000011444091797,2.1118641294316394,0.00011532695190866105,28.258919,28.249273,21.0,21.6,0,0.0,0,981.56824,,VIN9_NF_ALT
551.0,11181,28.331009,0.6494872,18.8,27.399999618530273,29.399999618530273,0.022924958,2.0,2.3010051426746916,8.943743851176102e-05,28.294634,28.34343,21.755556,18.0,0,0.0,0,991.9529,,VIN9_NF_ALT
552.0,9988,28.289328,0.593994,22.4,27.399999618530273,29.200000762939453,0.020997107,1.8000011444091797,2.2161459287584484,0.00010012014417300761,28.23653,28.299389,23.233332,,0,0.0,0,992.03314,,VIN9_NF_ALT
553.0,5709,28.256927,0.57330513,25.4,27.399999618530273,29.200000762939453,0.020289011,1.8000011444091797,2.190854149340827,0.0,28.234148,28.227451,22.91111,,0,0.0,0,979.56934,,VIN9_NF_ALT
554.0,7200,28.305584,0.661561,22.2,27.200000762939453,29.399999618530273,0.023372103,2.1999988555908203,2.3211833137128712,0.0002777777777777778,28.111372,28.317554,24.0,,0,0.0,0,987.4862,,VIN9_NF_ALT
555.0,9923,28.275925,0.5842692,19.6,27.399999618530273,29.200000762939453,0.020663135,1.8000011444091797,2.19745267183599,0.0001007759750075582,28.19967,28.312395,23.086363,18.2,0,0.0,0,988.27686,,VIN9_NF_ALT
556.0,5222,28.341135,0.6289487,26.4,27.399999618530273,29.399999618530273,0.022192078,2.0,2.261971404488372,0.0,28.336555,28.334723,22.76,,0,0.0,0,960.2401,,VIN9_NF_ALT
557.0,6244,28.231102,0.52040225,26.4,27.399999618530273,29.0,0.01843365,1.6000003814697266,2.100947764446879,0.0,28.21046,28.216394,22.8,,0,0.0,0,988.55396,,VIN9_NF_ALT
558.0,5051,28.2432,0.538096,24.0,27.399999618530273,29.200000762939453,0.019052232,1.8000011444091797,2.119613304095358,0.0,28.275936,28.210861,23.4,,0,0.0,0,973.8225,,VIN9_NF_ALT
559.0,6812,28.268644,0.56678253,26.4,27.399999618530273,29.200000762939453,0.020049866,1.8000011444091797,2.1863855692683414,0.0,28.312862,28.220812,24.244999,,0,0.0,0,952.8848,,VIN9_NF_ALT
560.0,7710,28.29961,0.5763149,19.6,27.399999618530273,29.200000762939453,0.020364765,1.8000011444091797,2.1572806136457063,0.0003891050583657588,28.30234,28.282751,25.8,19.6,0,0.0,0,975.70264,,VIN9_NF_ALT
561.0,9014,28.241268,0.4735554,21.8,27.600000381469727,29.0,0.016768206,1.3999996185302734,1.9919981705023848,0.00011093854004881296,28.278877,28.247076,24.3,21.8,0,0.0,0,976.73553,,VIN9_NF_ALT
562.0,5111,28.223204,0.42738172,24.2,27.600000381469727,28.799999237060547,0.01514292,1.1999988555908203,1.904784951806654,0.0,28.204105,28.2159,23.577778,,0,0.0,0,974.96185,,VIN9_NF_ALT
563.0,6132,28.207436,0.470895,18.4,27.600000381469727,29.0,0.016694002,1.3999996185302734,1.9746088386306737,0.00016307893020221786,28.273685,28.193966,23.1,18.4,0,0.0,0,955.3627,,VIN9_NF_ALT
564.0,7559,28.307873,0.54731196,26.6,27.399999618530273,29.200000762939453,0.019334266,1.8000011444091797,2.137053884461448,0.0,28.268393,28.286913,,,0,0.0,0,974.61456,,VIN9_NF_ALT
565.0,8441,28.219357,0.45235518,19.0,27.600000381469727,29.0,0.016029961,1.3999996185302734,1.9419390828057381,0.00011846937566639024,28.238447,28.250196,,19.0,0,0.0,0,976.4488,,VIN9_NF_ALT
566.0,7407,28.24304,0.4705474,26.6,27.600000381469727,29.0,0.01666065,1.3999996185302734,2.0066950407322244,0.0,28.312033,28.220783,23.633333,,0,0.0,0,954.35724,,VIN9_NF_ALT
567.0,6096,28.27395,0.52763236,19.0,27.399999618530273,29.200000762939453,0.01866143,1.8000011444091797,2.0748351724945024,0.00016404199475065617,28.312431,28.283993,22.69091,19.0,0,0.0,0,974.8595,,VIN9_NF_ALT
568.0,1101,28.111717,0.39439124,25.6,27.600000381469727,28.799999237060547,0.014029426,1.1999988555908203,1.81182043376299,0.0,28.123772,28.12244,23.342855,,0,0.0,0,936.46967,,VIN9_NF_ALT
569.0,5352,28.292524,0.56077826,26.4,27.399999618530273,29.200000762939453,0.019820722,1.8000011444091797,2.1496432395016134,0.0,28.31185,28.289358,23.6,,0,0.0,0,984.1463,,VIN9_NF_ALT
570.0,5610,28.293976,0.60719764,26.4,27.399999618530273,29.200000762939453,0.021460315,1.8000011444091797,2.2226706084983494,0.0,28.207323,28.28656,25.0,,0,0.0,0,980.0047,,VIN9_NF_ALT
571.0,6720,28.311546,0.5777313,20.0,27.399999618530273,29.200000762939453,0.020406209,1.8000011444091797,2.16727595088475,0.00014880952380952382,28.317102,28.295765,,20.0,0,0.0,0,974.09467,,VIN9_NF_ALT
572.0,5601,28.266989,0.58713377,23.2,27.399999618530273,29.200000762939453,0.020771004,1.8000011444091797,2.220160871972459,0.00017853954650955185,28.243847,28.249844,23.8,,0,0.0,0,951.18414,,VIN9_NF_ALT
573.0,6008,28.284954,0.52194715,26.4,27.399999618530273,29.200000762939453,0.018453173,1.8000011444091797,2.0869729589221175,0.0,28.234818,28.283218,23.4,,0,0.0,0,952.61096,,VIN9_NF_ALT
574.0,811,28.17657,0.56059366,26.4,27.200000762939453,29.0,0.019895738,1.7999992370605469,2.1666678872610015,0.0,28.244444,28.205118,,,0,0.0,0,1026.2924,,VIN9_NF_ALT
